This is pdfTeX, Version 3.141592653-2.6-1.40.29 (TeX Live 2026/Arch Linux) (preloaded format=pdflatex 2026.5.25)  30 MAY 2026 15:26
entering extended mode
 \write18 enabled.
 %&-line parsing enabled.
**main.tex
(./main.tex
LaTeX2e <2025-11-01>
L3 programming layer <2026-01-19>
(./tum/tumbook.cls
Document Class: tumbook 2021/04/19 v2.0
(/usr/share/texmf-dist/tex/latex/pgf/utilities/pgfkeys.sty (/usr/share/texmf-di
st/tex/generic/pgf/utilities/pgfkeys.code.tex
\pgfkeys@pathtoks=\toks17
\pgfkeys@temptoks=\toks18

(/usr/share/texmf-dist/tex/generic/pgf/utilities/pgfkeyslibraryfiltered.code.te
x
\pgfkeys@tmptoks=\toks19
))) (/usr/share/texmf-dist/tex/latex/pgfopts/pgfopts.sty
Package: pgfopts 2014/07/10 v2.1a LaTeX package options with pgfkeys
\pgfopts@list@add@a@toks=\toks20
\pgfopts@list@add@b@toks=\toks21
) (/usr/share/texmf-dist/tex/latex/tools/calc.sty
Package: calc 2025/03/01 v4.3b Infix arithmetic (KKT,FJ)
\calc@Acount=\count275
\calc@Bcount=\count276
\calc@Adimen=\dimen148
\calc@Bdimen=\dimen149
\calc@Askip=\skip49
\calc@Bskip=\skip50
LaTeX Info: Redefining \setlength on input line 86.
LaTeX Info: Redefining \addtolength on input line 87.
\calc@Ccount=\count277
\calc@Cskip=\skip51
)
Global options before any option parsing.
classoptions: a4paper,english,
unused classoptions: 
Global options after tumbook option parsing.
classoptions: a4paper,english,
unused classoptions: 
(/usr/share/texmf-dist/tex/latex/koma-script/scrbook.cls
Document Class: scrbook 2026/02/02 v3.49.2 KOMA-Script document class (book)
(/usr/share/texmf-dist/tex/latex/koma-script/scrkbase.sty
Package: scrkbase 2026/02/02 v3.49.2 KOMA-Script package (KOMA-Script-dependent
 basics and keyval usage)
(/usr/share/texmf-dist/tex/latex/koma-script/scrbase.sty
Package: scrbase 2026/02/02 v3.49.2 KOMA-Script package (KOMA-Script-independen
t basics and keyval usage)
(/usr/share/texmf-dist/tex/latex/koma-script/scrlfile.sty
Package: scrlfile 2026/02/02 v3.49.2 KOMA-Script package (file load hooks)
(/usr/share/texmf-dist/tex/latex/koma-script/scrlfile-hook.sty
Package: scrlfile-hook 2026/02/02 v3.49.2 KOMA-Script package (using LaTeX hook
s)
(/usr/share/texmf-dist/tex/latex/koma-script/scrlogo.sty
Package: scrlogo 2026/02/02 v3.49.2 KOMA-Script package (logo)
))) (/usr/share/texmf-dist/tex/latex/graphics/keyval.sty
Package: keyval 2022/05/29 v1.15 key=value parser (DPC)
\KV@toks@=\toks22
)
Applying: [2021/05/01] Usage of raw or classic option list on input line 254.
Already applied: [0000/00/00] Usage of raw or classic option list on input line
 370.
)) (/usr/share/texmf-dist/tex/latex/koma-script/tocbasic.sty
Package: tocbasic 2026/02/02 v3.49.2 KOMA-Script package (handling toc-files)
\scr@dte@tocline@numberwidth=\skip52
\scr@dte@tocline@numbox=\box53
)
Package tocbasic Info: omitting babel extension for `toc'
(tocbasic)             because of feature `nobabel' available
(tocbasic)             for `toc' on input line 143.
Class scrbook Info: File `scrsize11pt.clo' used instead of
(scrbook)           file `scrsize11.clo' to setup font sizes on input line 2713
.
(/usr/share/texmf-dist/tex/latex/koma-script/scrsize11pt.clo
File: scrsize11pt.clo 2026/02/02 v3.49.2 KOMA-Script font size class option (11
pt)
) (/usr/share/texmf-dist/tex/latex/koma-script/typearea.sty
Package: typearea 2026/02/02 v3.49.2 KOMA-Script package (type area)
\ta@bcor=\skip53
\ta@div=\count278
Package typearea Info: You've used standard option `a4paper'.
(typearea)             This is correct!
(typearea)             Internally I'm using `paper=a4'.
(typearea)             If you'd like to set the option with \KOMAoptions,
(typearea)             you'd have to use `paper=a4' there
(typearea)             instead of `a4paper', too.
\ta@hblk=\skip54
\ta@vblk=\skip55
\ta@temp=\skip56
\footheight=\skip57
Package typearea Info: These are the values describing the layout:
(typearea)             DIV  = 10
(typearea)             BCOR = 0.0pt
(typearea)             \paperwidth      = 597.50793pt
(typearea)              \textwidth      = 418.25555pt
(typearea)              DIV departure   = -6%
(typearea)              \evensidemargin = 47.2316pt
(typearea)              \oddsidemargin  = -12.5192pt
(typearea)             \paperheight     = 845.04694pt
(typearea)              \textheight     = 595.80026pt
(typearea)              \topmargin      = -25.16531pt
(typearea)              \headheight     = 17.0pt
(typearea)              \headsep        = 20.40001pt
(typearea)              \topskip        = 11.0pt
(typearea)              \footskip       = 47.6pt
(typearea)              \baselineskip   = 13.6pt
(typearea)              on input line 1810.
)
\c@part=\count279
\c@chapter=\count280
\c@section=\count281
\c@subsection=\count282
\c@subsubsection=\count283
\c@paragraph=\count284
\c@subparagraph=\count285
\scr@dte@chapter@maxnumwidth=\skip58
Class scrbook Info: using compatibility default `afterindent=bysign'
(scrbook)           for `\chapter on input line 5945.
\scr@dte@section@maxnumwidth=\skip59
Class scrbook Info: using compatibility default `runin=bysign'
(scrbook)           for `\section on input line 5956.
Class scrbook Info: using compatibility default `afterindent=bysign'
(scrbook)           for `\section on input line 5956.
\scr@dte@part@maxnumwidth=\skip60
Class scrbook Info: using compatibility default `afterindent=true'
(scrbook)           for `\part on input line 5965.
\scr@dte@subsection@maxnumwidth=\skip61
Class scrbook Info: using compatibility default `runin=bysign'
(scrbook)           for `\subsection on input line 5975.
Class scrbook Info: using compatibility default `afterindent=bysign'
(scrbook)           for `\subsection on input line 5975.
\scr@dte@subsubsection@maxnumwidth=\skip62
Class scrbook Info: using compatibility default `runin=bysign'
(scrbook)           for `\subsubsection on input line 5985.
Class scrbook Info: using compatibility default `afterindent=bysign'
(scrbook)           for `\subsubsection on input line 5985.
\scr@dte@paragraph@maxnumwidth=\skip63
Class scrbook Info: using compatibility default `runin=bysign'
(scrbook)           for `\paragraph on input line 5996.
Class scrbook Info: using compatibility default `afterindent=bysign'
(scrbook)           for `\paragraph on input line 5996.
\scr@dte@subparagraph@maxnumwidth=\skip64
Class scrbook Info: using compatibility default `runin=bysign'
(scrbook)           for `\subparagraph on input line 6006.
Class scrbook Info: using compatibility default `afterindent=bysign'
(scrbook)           for `\subparagraph on input line 6006.
\abovecaptionskip=\skip65
\belowcaptionskip=\skip66
\c@pti@nb@sid@b@x=\box54
Package tocbasic Info: omitting babel extension for `lof'
(tocbasic)             because of feature `nobabel' available
(tocbasic)             for `lof' on input line 7242.
\scr@dte@figure@maxnumwidth=\skip67
\c@figure=\count286
Package tocbasic Info: omitting babel extension for `lot'
(tocbasic)             because of feature `nobabel' available
(tocbasic)             for `lot' on input line 7255.
\scr@dte@table@maxnumwidth=\skip68
\c@table=\count287
Class scrbook Info: Redefining `\numberline' on input line 7426.
\bibindent=\dimen150
)
Global options after scrbook option parsing.
classoptions: a4paper,english,
unused classoptions: english
(./tum/tumbase.sty
Package: tumbase 2021/04/19 v2.0
(/usr/share/texmf-dist/tex/latex/base/inputenc.sty
Package: inputenc 2024/02/08 v1.3d Input encoding file
\inpenc@prehook=\toks23
\inpenc@posthook=\toks24
) (/usr/share/texmf-dist/tex/latex/base/fontenc.sty
Package: fontenc 2025/07/18 v2.1d Standard LaTeX package
)) (./tum/tumcolors.sty
Package: tumcolors 2021/04/19 v2.0
(/usr/share/texmf-dist/tex/latex/xcolor/xcolor.sty
Package: xcolor 2024/09/29 v3.02 LaTeX color extensions (UK)
(/usr/share/texmf-dist/tex/latex/graphics-cfg/color.cfg
File: color.cfg 2016/01/02 v1.6 sample color configuration
)
Package xcolor Info: Driver file: pdftex.def on input line 274.
(/usr/share/texmf-dist/tex/latex/graphics-def/pdftex.def
File: pdftex.def 2025/09/29 v1.2d Graphics/color driver for pdftex
) (/usr/share/texmf-dist/tex/latex/graphics/mathcolor.ltx)
Package xcolor Info: Model `cmy' substituted by `cmy0' on input line 1349.
Package xcolor Info: Model `hsb' substituted by `rgb' on input line 1353.
Package xcolor Info: Model `RGB' extended on input line 1365.
Package xcolor Info: Model `HTML' substituted by `rgb' on input line 1367.
Package xcolor Info: Model `Hsb' substituted by `hsb' on input line 1368.
Package xcolor Info: Model `tHsb' substituted by `hsb' on input line 1369.
Package xcolor Info: Model `HSB' substituted by `hsb' on input line 1370.
Package xcolor Info: Model `Gray' substituted by `gray' on input line 1371.
Package xcolor Info: Model `wave' substituted by `hsb' on input line 1372.
) (/usr/share/texmf-dist/tex/latex/colortbl/colortbl.sty
Package: colortbl 2024/10/29 v1.0k Color table columns (DPC)
(/usr/share/texmf-dist/tex/latex/tools/array.sty
Package: array 2025/09/25 v2.6n Tabular extension package (FMi)
\col@sep=\dimen151
\ar@mcellbox=\box55
\extrarowheight=\dimen152
\NC@list=\toks25
\extratabsurround=\skip69
\backup@length=\skip70
\ar@cellbox=\box56
)
\everycr=\toks26
\minrowclearance=\skip71
\rownum=\count288
)
Global options after tumcolors option parsing.
classoptions: a4paper,english,
unused classoptions: english
) (./tum/tumlogo.sty
Package: tumlogo 2021/04/19 v2.0
(/usr/share/texmf-dist/tex/latex/pgf/frontendlayer/tikz.sty (/usr/share/texmf-d
ist/tex/latex/pgf/basiclayer/pgf.sty (/usr/share/texmf-dist/tex/latex/pgf/utili
ties/pgfrcs.sty (/usr/share/texmf-dist/tex/generic/pgf/utilities/pgfutil-common
.tex
\pgfutil@everybye=\toks27
\pgfutil@tempdima=\dimen153
\pgfutil@tempdimb=\dimen154
) (/usr/share/texmf-dist/tex/generic/pgf/utilities/pgfutil-latex.def
\pgfutil@abb=\box57
) (/usr/share/texmf-dist/tex/generic/pgf/utilities/pgfrcs.code.tex (/usr/share/
texmf-dist/tex/generic/pgf/pgf.revision.tex)
Package: pgfrcs 2025-08-29 v3.1.11a (3.1.11a)
))
Package: pgf 2025-08-29 v3.1.11a (3.1.11a)
(/usr/share/texmf-dist/tex/latex/pgf/basiclayer/pgfcore.sty (/usr/share/texmf-d
ist/tex/latex/graphics/graphicx.sty
Package: graphicx 2024/12/31 v1.2e Enhanced LaTeX Graphics (DPC,SPQR)
(/usr/share/texmf-dist/tex/latex/graphics/graphics.sty
Package: graphics 2024/08/06 v1.4g Standard LaTeX Graphics (DPC,SPQR)
(/usr/share/texmf-dist/tex/latex/graphics/trig.sty
Package: trig 2023/12/02 v1.11 sin cos tan (DPC)
) (/usr/share/texmf-dist/tex/latex/graphics-cfg/graphics.cfg
File: graphics.cfg 2016/06/04 v1.11 sample graphics configuration
)
Package graphics Info: Driver file: pdftex.def on input line 106.
)
\Gin@req@height=\dimen155
\Gin@req@width=\dimen156
) (/usr/share/texmf-dist/tex/latex/pgf/systemlayer/pgfsys.sty (/usr/share/texmf
-dist/tex/generic/pgf/systemlayer/pgfsys.code.tex
Package: pgfsys 2025-08-29 v3.1.11a (3.1.11a)
\pgf@x=\dimen157
\pgf@y=\dimen158
\pgf@xa=\dimen159
\pgf@ya=\dimen160
\pgf@xb=\dimen161
\pgf@yb=\dimen162
\pgf@xc=\dimen163
\pgf@yc=\dimen164
\pgf@xd=\dimen165
\pgf@yd=\dimen166
\w@pgf@writea=\write3
\r@pgf@reada=\read2
\c@pgf@counta=\count289
\c@pgf@countb=\count290
\c@pgf@countc=\count291
\c@pgf@countd=\count292
\t@pgf@toka=\toks28
\t@pgf@tokb=\toks29
\t@pgf@tokc=\toks30
\pgf@sys@id@count=\count293
(/usr/share/texmf-dist/tex/generic/pgf/systemlayer/pgf.cfg
File: pgf.cfg 2025-08-29 v3.1.11a (3.1.11a)
)
Driver file for pgf: pgfsys-pdftex.def
(/usr/share/texmf-dist/tex/generic/pgf/systemlayer/pgfsys-pdftex.def
File: pgfsys-pdftex.def 2025-08-29 v3.1.11a (3.1.11a)
(/usr/share/texmf-dist/tex/generic/pgf/systemlayer/pgfsys-common-pdf.def
File: pgfsys-common-pdf.def 2025-08-29 v3.1.11a (3.1.11a)
))) (/usr/share/texmf-dist/tex/generic/pgf/systemlayer/pgfsyssoftpath.code.tex
File: pgfsyssoftpath.code.tex 2025-08-29 v3.1.11a (3.1.11a)
\pgfsyssoftpath@smallbuffer@items=\count294
\pgfsyssoftpath@bigbuffer@items=\count295
) (/usr/share/texmf-dist/tex/generic/pgf/systemlayer/pgfsysprotocol.code.tex
File: pgfsysprotocol.code.tex 2025-08-29 v3.1.11a (3.1.11a)
)) (/usr/share/texmf-dist/tex/generic/pgf/basiclayer/pgfcore.code.tex
Package: pgfcore 2025-08-29 v3.1.11a (3.1.11a)
(/usr/share/texmf-dist/tex/generic/pgf/math/pgfmath.code.tex (/usr/share/texmf-
dist/tex/generic/pgf/math/pgfmathutil.code.tex) (/usr/share/texmf-dist/tex/gene
ric/pgf/math/pgfmathparser.code.tex
\pgfmath@dimen=\dimen167
\pgfmath@count=\count296
\pgfmath@box=\box58
\pgfmath@toks=\toks31
\pgfmath@stack@operand=\toks32
\pgfmath@stack@operation=\toks33
) (/usr/share/texmf-dist/tex/generic/pgf/math/pgfmathfunctions.code.tex) (/usr/
share/texmf-dist/tex/generic/pgf/math/pgfmathfunctions.basic.code.tex)
(/usr/share/texmf-dist/tex/generic/pgf/math/pgfmathfunctions.trigonometric.code
.tex) (/usr/share/texmf-dist/tex/generic/pgf/math/pgfmathfunctions.random.code.
tex)
(/usr/share/texmf-dist/tex/generic/pgf/math/pgfmathfunctions.comparison.code.te
x) (/usr/share/texmf-dist/tex/generic/pgf/math/pgfmathfunctions.base.code.tex) 
(/usr/share/texmf-dist/tex/generic/pgf/math/pgfmathfunctions.round.code.tex) (/
usr/share/texmf-dist/tex/generic/pgf/math/pgfmathfunctions.misc.code.tex)
(/usr/share/texmf-dist/tex/generic/pgf/math/pgfmathfunctions.integerarithmetics
.code.tex) (/usr/share/texmf-dist/tex/generic/pgf/math/pgfmathcalc.code.tex) (/
usr/share/texmf-dist/tex/generic/pgf/math/pgfmathfloat.code.tex
\c@pgfmathroundto@lastzeros=\count297
)) (/usr/share/texmf-dist/tex/generic/pgf/math/pgfint.code.tex) (/usr/share/tex
mf-dist/tex/generic/pgf/basiclayer/pgfcorepoints.code.tex
File: pgfcorepoints.code.tex 2025-08-29 v3.1.11a (3.1.11a)
\pgf@picminx=\dimen168
\pgf@picmaxx=\dimen169
\pgf@picminy=\dimen170
\pgf@picmaxy=\dimen171
\pgf@pathminx=\dimen172
\pgf@pathmaxx=\dimen173
\pgf@pathminy=\dimen174
\pgf@pathmaxy=\dimen175
\pgf@xx=\dimen176
\pgf@xy=\dimen177
\pgf@yx=\dimen178
\pgf@yy=\dimen179
\pgf@zx=\dimen180
\pgf@zy=\dimen181
)
(/usr/share/texmf-dist/tex/generic/pgf/basiclayer/pgfcorepathconstruct.code.tex
File: pgfcorepathconstruct.code.tex 2025-08-29 v3.1.11a (3.1.11a)
\pgf@path@lastx=\dimen182
\pgf@path@lasty=\dimen183
) (/usr/share/texmf-dist/tex/generic/pgf/basiclayer/pgfcorepathusage.code.tex
File: pgfcorepathusage.code.tex 2025-08-29 v3.1.11a (3.1.11a)
\pgf@shorten@end@additional=\dimen184
\pgf@shorten@start@additional=\dimen185
) (/usr/share/texmf-dist/tex/generic/pgf/basiclayer/pgfcorescopes.code.tex
File: pgfcorescopes.code.tex 2025-08-29 v3.1.11a (3.1.11a)
\pgfpic=\box59
\pgf@hbox=\box60
\pgf@layerbox@main=\box61
\pgf@picture@serial@count=\count298
) (/usr/share/texmf-dist/tex/generic/pgf/basiclayer/pgfcoregraphicstate.code.te
x
File: pgfcoregraphicstate.code.tex 2025-08-29 v3.1.11a (3.1.11a)
\pgflinewidth=\dimen186
)
(/usr/share/texmf-dist/tex/generic/pgf/basiclayer/pgfcoretransformations.code.t
ex
File: pgfcoretransformations.code.tex 2025-08-29 v3.1.11a (3.1.11a)
\pgf@pt@x=\dimen187
\pgf@pt@y=\dimen188
\pgf@pt@temp=\dimen189
) (/usr/share/texmf-dist/tex/generic/pgf/basiclayer/pgfcorequick.code.tex
File: pgfcorequick.code.tex 2025-08-29 v3.1.11a (3.1.11a)
) (/usr/share/texmf-dist/tex/generic/pgf/basiclayer/pgfcoreobjects.code.tex
File: pgfcoreobjects.code.tex 2025-08-29 v3.1.11a (3.1.11a)
)
(/usr/share/texmf-dist/tex/generic/pgf/basiclayer/pgfcorepathprocessing.code.te
x
File: pgfcorepathprocessing.code.tex 2025-08-29 v3.1.11a (3.1.11a)
) (/usr/share/texmf-dist/tex/generic/pgf/basiclayer/pgfcorearrows.code.tex
File: pgfcorearrows.code.tex 2025-08-29 v3.1.11a (3.1.11a)
\pgfarrowsep=\dimen190
) (/usr/share/texmf-dist/tex/generic/pgf/basiclayer/pgfcoreshade.code.tex
File: pgfcoreshade.code.tex 2025-08-29 v3.1.11a (3.1.11a)
\pgf@max=\dimen191
\pgf@sys@shading@range@num=\count299
\pgf@shadingcount=\count300
) (/usr/share/texmf-dist/tex/generic/pgf/basiclayer/pgfcoreimage.code.tex
File: pgfcoreimage.code.tex 2025-08-29 v3.1.11a (3.1.11a)
) (/usr/share/texmf-dist/tex/generic/pgf/basiclayer/pgfcoreexternal.code.tex
File: pgfcoreexternal.code.tex 2025-08-29 v3.1.11a (3.1.11a)
\pgfexternal@startupbox=\box62
) (/usr/share/texmf-dist/tex/generic/pgf/basiclayer/pgfcorelayers.code.tex
File: pgfcorelayers.code.tex 2025-08-29 v3.1.11a (3.1.11a)
) (/usr/share/texmf-dist/tex/generic/pgf/basiclayer/pgfcoretransparency.code.te
x
File: pgfcoretransparency.code.tex 2025-08-29 v3.1.11a (3.1.11a)
) (/usr/share/texmf-dist/tex/generic/pgf/basiclayer/pgfcorepatterns.code.tex
File: pgfcorepatterns.code.tex 2025-08-29 v3.1.11a (3.1.11a)
) (/usr/share/texmf-dist/tex/generic/pgf/basiclayer/pgfcorerdf.code.tex
File: pgfcorerdf.code.tex 2025-08-29 v3.1.11a (3.1.11a)
))) (/usr/share/texmf-dist/tex/generic/pgf/modules/pgfmoduleshapes.code.tex
File: pgfmoduleshapes.code.tex 2025-08-29 v3.1.11a (3.1.11a)
\pgfnodeparttextbox=\box63
) (/usr/share/texmf-dist/tex/generic/pgf/modules/pgfmoduleplot.code.tex
File: pgfmoduleplot.code.tex 2025-08-29 v3.1.11a (3.1.11a)
) (/usr/share/texmf-dist/tex/latex/pgf/compatibility/pgfcomp-version-0-65.sty
Package: pgfcomp-version-0-65 2025-08-29 v3.1.11a (3.1.11a)
\pgf@nodesepstart=\dimen192
\pgf@nodesepend=\dimen193
) (/usr/share/texmf-dist/tex/latex/pgf/compatibility/pgfcomp-version-1-18.sty
Package: pgfcomp-version-1-18 2025-08-29 v3.1.11a (3.1.11a)
)) (/usr/share/texmf-dist/tex/latex/pgf/utilities/pgffor.sty (/usr/share/texmf-
dist/tex/latex/pgf/math/pgfmath.sty (/usr/share/texmf-dist/tex/generic/pgf/math
/pgfmath.code.tex)) (/usr/share/texmf-dist/tex/generic/pgf/utilities/pgffor.cod
e.tex
Package: pgffor 2025-08-29 v3.1.11a (3.1.11a)
\pgffor@iter=\dimen194
\pgffor@skip=\dimen195
\pgffor@stack=\toks34
\pgffor@toks=\toks35
)) (/usr/share/texmf-dist/tex/generic/pgf/frontendlayer/tikz/tikz.code.tex
Package: tikz 2025-08-29 v3.1.11a (3.1.11a)

(/usr/share/texmf-dist/tex/generic/pgf/libraries/pgflibraryplothandlers.code.te
x
File: pgflibraryplothandlers.code.tex 2025-08-29 v3.1.11a (3.1.11a)
\pgf@plot@mark@count=\count301
\pgfplotmarksize=\dimen196
)
\tikz@lastx=\dimen197
\tikz@lasty=\dimen198
\tikz@lastxsaved=\dimen199
\tikz@lastysaved=\dimen256
\tikz@lastmovetox=\dimen257
\tikz@lastmovetoy=\dimen258
\tikzleveldistance=\dimen259
\tikzsiblingdistance=\dimen260
\tikz@figbox=\box64
\tikz@figbox@bg=\box65
\tikz@tempbox=\box66
\tikz@tempbox@bg=\box67
\tikztreelevel=\count302
\tikznumberofchildren=\count303
\tikznumberofcurrentchild=\count304
\tikz@fig@count=\count305
(/usr/share/texmf-dist/tex/generic/pgf/modules/pgfmodulematrix.code.tex
File: pgfmodulematrix.code.tex 2025-08-29 v3.1.11a (3.1.11a)
\pgfmatrixcurrentrow=\count306
\pgfmatrixcurrentcolumn=\count307
\pgf@matrix@numberofcolumns=\count308
)
\tikz@expandcount=\count309

(/usr/share/texmf-dist/tex/generic/pgf/frontendlayer/tikz/libraries/tikzlibrary
topaths.code.tex
File: tikzlibrarytopaths.code.tex 2025-08-29 v3.1.11a (3.1.11a)
)))
Global options after tumlogo option parsing.
classoptions: a4paper,english,
unused classoptions: english
) (./tum/tumlang.sty
Package: tumlang 2021/04/19 v2.0
Global options after tumlang option parsing.
classoptions: a4paper,english,
unused classoptions: 
(/usr/share/texmf-dist/tex/generic/babel/babel.sty
Package: babel 2026/02/14 v26.3 The multilingual framework for LuaLaTeX, pdfLaT
eX and XeLaTeX
\babel@savecnt=\count310
LaTeX Encoding Info:    Redeclaring text command \ij (encoding OT1) on input li
ne 2078.
LaTeX Encoding Info:    Redeclaring text command \IJ (encoding OT1) on input li
ne 2080.
LaTeX Encoding Info:    Redeclaring text command \ij (encoding T1) on input lin
e 2082.
LaTeX Encoding Info:    Redeclaring text command \IJ (encoding T1) on input lin
e 2083.
LaTeX Encoding Info:    Ignoring declaration for text command \ij (encoding ?) 
on input line 2084.
LaTeX Encoding Info:    Ignoring declaration for text command \IJ (encoding ?) 
on input line 2086.
LaTeX Encoding Info:    Ignoring declaration for text command \SS (encoding ?) 
on input line 2111.
\U@D=\dimen261
\l@unhyphenated=\language10
(/usr/share/texmf-dist/tex/generic/babel/txtbabel.def)
\bbl@readstream=\read3
\bbl@dirlevel=\count311
(/usr/share/texmf-dist/tex/generic/babel/locale/en/babel-english.tex) (/usr/sha
re/texmf-dist/tex/generic/babel/locale/invalid/babel-ngerman.tex) (/usr/share/t
exmf-dist/tex/generic/babel/locale/en/babel-english.tex)
Package babel Info: Importing font and identification data for ngerman
(babel)             from babel-de.ini. Reported on input line 4330.
(/usr/share/texmf-dist/tex/generic/babel-german/ngerman.ldf
Language: ngerman 
(/usr/share/texmf-dist/tex/generic/babel-german/babel-german.def
Package babel Info: Making " an active character on input line 470.
))
Package babel Info: Importing font and identification data for english
(babel)             from babel-en.ini. Reported on input line 4330.
(/usr/share/texmf-dist/tex/generic/babel-english/english.ldf
Language: english 2017/06/06 v3.3r English support from the babel system
Package babel Info: Hyphen rules for 'canadian' set to \l@english
(babel)             (\language0). Reported on input line 102.
Package babel Info: Hyphen rules for 'australian' set to \l@ukenglish
(babel)             (\language3). Reported on input line 105.
Package babel Info: Hyphen rules for 'newzealand' set to \l@ukenglish
(babel)             (\language3). Reported on input line 108.
))) (./tum/tumcaptions.sty
Package: tumcaptions 2021/04/19 v2.0
(/usr/share/texmf-dist/tex/latex/silence/silence.sty
Package: silence 2012/07/02 v1.5b Selective filtering of warnings and error mes
sages
\sl@Save=\count312
\sl@StateNumber=\count313
\sl@MessageCount=\count314
\sl@Casualties=\count315
\sl@Filter=\toks36
\sl@Message=\toks37
\sl@UnexpandedMessage=\toks38
\sl@Mess@ge=\toks39
\sl@WarningCount=\count316
\sl@WarningNumber=\count317
\sl@WarningCasualties=\count318
\sl@TempBOW=\toks40
\sl@BankOfWarnings=\toks41
LaTeX Info: Redefining \GenericWarning on input line 433.
\sl@ErrorCount=\count319
\sl@ErrorNumber=\count320
\sl@ErrorCasualties=\count321
\sl@TempBOE=\toks42
\sl@BankOfErrors=\toks43
LaTeX Info: Redefining \GenericError on input line 601.
) (/usr/share/texmf-dist/tex/latex/caption/caption.sty
Package: caption 2023/08/05 v3.6o Customizing captions (AR)

Package tocbasic Info: Loading of class-dependent code for package caption3
(tocbasic)             prevented on line 50.

(/usr/share/texmf-dist/tex/latex/caption/caption3.sty
Package: caption3 2023/07/31 v2.4d caption3 kernel (AR)
\caption@tempdima=\dimen262
\captionmargin=\dimen263
\caption@leftmargin=\dimen264
\caption@rightmargin=\dimen265
\caption@width=\dimen266
\caption@indent=\dimen267
\caption@parindent=\dimen268
\caption@hangindent=\dimen269
)
\c@caption@flags=\count322
\c@continuedfloat=\count323
) (/usr/share/texmf-dist/tex/latex/caption/subcaption.sty
Package: subcaption 2023/07/28 v1.6b Sub-captions (AR)
Package caption Info: New subtype `subfigure' on input line 238.
\c@subfigure=\count324
Package caption Info: New subtype `subtable' on input line 238.
\c@subtable=\count325
) (/usr/share/texmf-dist/tex/latex/etoolbox/etoolbox.sty
Package: etoolbox 2025/10/02 v2.5m e-TeX tools for LaTeX (JAW)
\etb@tempcnta=\count326
)) (./tum/tumpage.sty
Package: tumpage 2021/04/19 v2.0
(/usr/share/texmf-dist/tex/latex/geometry/geometry.sty
Package: geometry 2020/01/02 v5.9 Page Geometry
(/usr/share/texmf-dist/tex/generic/iftex/ifvtex.sty
Package: ifvtex 2019/10/25 v1.7 ifvtex legacy package. Use iftex instead.
(/usr/share/texmf-dist/tex/generic/iftex/iftex.sty
Package: iftex 2024/12/12 v1.0g TeX engine tests
))
\Gm@cnth=\count327
\Gm@cntv=\count328
\c@Gm@tempcnt=\count329
\Gm@bindingoffset=\dimen270
\Gm@wd@mp=\dimen271
\Gm@odd@mp=\dimen272
\Gm@even@mp=\dimen273
\Gm@layoutwidth=\dimen274
\Gm@layoutheight=\dimen275
\Gm@layouthoffset=\dimen276
\Gm@layoutvoffset=\dimen277
\Gm@dimlist=\toks44
) (/usr/share/texmf-dist/tex/latex/koma-script/scrlayer-scrpage.sty
Package: scrlayer-scrpage 2026/02/02 v3.49.2 KOMA-Script package (end user inte
rface for scrlayer)
(/usr/share/texmf-dist/tex/latex/koma-script/scrlayer.sty
Package: scrlayer 2026/02/02 v3.49.2 KOMA-Script package (defining layers and p
age styles)
Package scrlayer Info: patching LaTeX kernel macro \pagestyle on input line 217
9.
)
Package scrlayer-scrpage Info: Makeing stand-alone element `pagehead' from
(scrlayer-scrpage)             alias to `pageheadfoot' on input line 1106.
) (/usr/share/texmf-dist/tex/latex/lastpage/lastpage.sty
Package: lastpage 2025/08/14 v2.1h lastpage: 2.09 or 2e? (HMM)
(/usr/share/texmf-dist/tex/latex/lastpage/lastpage2e.sty
Package: lastpage2e 2025/08/14 v2.1h Decide which 2e lastpage version to use (H
MM)
(/usr/share/texmf-dist/tex/latex/lastpage/lastpagemodern.sty
Package: lastpagemodern 2025-08-14 v2.1h Refers to last page's name (HMM; JPG)
\c@lastpagecount=\count330
) 
))
\@tum@logoheight@=\skip72
\@tum@fontsize@one@=\skip73
\@tum@fontsize@two@=\skip74
\@tum@fontsize@three@=\skip75
\@tum@fontsize@four@=\skip76
\@tum@fontsize@base@=\skip77
Global options after tumpage option parsing.
classoptions: a4paper,english,
unused classoptions: 
Class scrbook Info: File `scrsize11pt.clo' used instead of
(scrbook)           file `scrsize11.0pt.clo' to setup font sizes on input line 
545.
(/usr/share/texmf-dist/tex/latex/koma-script/scrsize11pt.clo
File: scrsize11pt.clo 2026/02/02 v3.49.2 KOMA-Script font size class option (11
pt)
)) (./tum/tumfonts.sty
Package: tumfonts 2021/04/19 v2.0
\c@@tum@textfont@number@=\count331
\c@@tum@mathfont@number@=\count332
Global options after tumfonts option parsing.
classoptions: a4paper,english,
unused classoptions: 
(/usr/share/texmf-dist/tex/latex/lm/lmodern.sty
Package: lmodern 2015/05/01 v1.6.1 Latin Modern Fonts
LaTeX Font Info:    Overwriting symbol font `operators' in version `normal'
(Font)                  OT1/cmr/m/n --> OT1/lmr/m/n on input line 22.
LaTeX Font Info:    Overwriting symbol font `letters' in version `normal'
(Font)                  OML/cmm/m/it --> OML/lmm/m/it on input line 23.
LaTeX Font Info:    Overwriting symbol font `symbols' in version `normal'
(Font)                  OMS/cmsy/m/n --> OMS/lmsy/m/n on input line 24.
LaTeX Font Info:    Overwriting symbol font `largesymbols' in version `normal'
(Font)                  OMX/cmex/m/n --> OMX/lmex/m/n on input line 25.
LaTeX Font Info:    Overwriting symbol font `operators' in version `bold'
(Font)                  OT1/cmr/bx/n --> OT1/lmr/bx/n on input line 26.
LaTeX Font Info:    Overwriting symbol font `letters' in version `bold'
(Font)                  OML/cmm/b/it --> OML/lmm/b/it on input line 27.
LaTeX Font Info:    Overwriting symbol font `symbols' in version `bold'
(Font)                  OMS/cmsy/b/n --> OMS/lmsy/b/n on input line 28.
LaTeX Font Info:    Overwriting symbol font `largesymbols' in version `bold'
(Font)                  OMX/cmex/m/n --> OMX/lmex/m/n on input line 29.
LaTeX Font Info:    Overwriting math alphabet `\mathbf' in version `normal'
(Font)                  OT1/cmr/bx/n --> OT1/lmr/bx/n on input line 31.
LaTeX Font Info:    Overwriting math alphabet `\mathsf' in version `normal'
(Font)                  OT1/cmss/m/n --> OT1/lmss/m/n on input line 32.
LaTeX Font Info:    Overwriting math alphabet `\mathit' in version `normal'
(Font)                  OT1/cmr/m/it --> OT1/lmr/m/it on input line 33.
LaTeX Font Info:    Overwriting math alphabet `\mathtt' in version `normal'
(Font)                  OT1/cmtt/m/n --> OT1/lmtt/m/n on input line 34.
LaTeX Font Info:    Overwriting math alphabet `\mathbf' in version `bold'
(Font)                  OT1/cmr/bx/n --> OT1/lmr/bx/n on input line 35.
LaTeX Font Info:    Overwriting math alphabet `\mathsf' in version `bold'
(Font)                  OT1/cmss/bx/n --> OT1/lmss/bx/n on input line 36.
LaTeX Font Info:    Overwriting math alphabet `\mathit' in version `bold'
(Font)                  OT1/cmr/bx/it --> OT1/lmr/bx/it on input line 37.
LaTeX Font Info:    Overwriting math alphabet `\mathtt' in version `bold'
(Font)                  OT1/cmtt/m/n --> OT1/lmtt/m/n on input line 38.
) (/usr/share/texmf-dist/tex/latex/psnfss/helvet.sty
Package: helvet 2020/03/25 PSNFSS-v9.3 (WaS) 
) (/usr/share/texmf-dist/tex/latex/newtxtt/newtxtt.sty
Package: newtxtt 2014/12/23 v1.051

`newtxtt' v1.051, 2014/12/23 Typewriter text macros based on txfonts (msharpe) 
(/usr/share/texmf-dist/tex/latex/base/fontenc.sty
Package: fontenc 2025/07/18 v2.1d Standard LaTeX package
LaTeX Font Info:    Trying to load font information for T1+lmr on input line 11
6.
(/usr/share/texmf-dist/tex/latex/lm/t1lmr.fd
File: t1lmr.fd 2015/05/01 v1.6.1 Font defs for Latin Modern
)) (/usr/share/texmf-dist/tex/latex/base/textcomp.sty
Package: textcomp 2024/04/24 v2.1b Standard LaTeX package
)
LaTeX Font Info:    Setting newtxtt sub-encoding to TS1/0 on input line 9.
LaTeX Font Info:    Setting newtxttz sub-encoding to TS1/0 on input line 10.
(/usr/share/texmf-dist/tex/latex/xkeyval/xkeyval.sty
Package: xkeyval 2025/11/04 v2.10 package option processing (HA)
(/usr/share/texmf-dist/tex/generic/xkeyval/xkeyval.tex (/usr/share/texmf-dist/t
ex/generic/xkeyval/xkvutils.tex
\XKV@toks=\toks45
\XKV@tempa@toks=\toks46
\XKV@tempb@toks=\toks47
)
\XKV@depth=\count333
File: xkeyval.tex 2014/12/03 v2.7a key=value parser (HA)
))) (/usr/share/texmf-dist/tex/latex/amsmath/amsmath.sty
Package: amsmath 2025/07/09 v2.17z AMS math features
\@mathmargin=\skip78
For additional information on amsmath, use the `?' option.
(/usr/share/texmf-dist/tex/latex/amsmath/amstext.sty
Package: amstext 2024/11/17 v2.01 AMS text
(/usr/share/texmf-dist/tex/latex/amsmath/amsgen.sty
File: amsgen.sty 1999/11/30 v2.0 generic functions
\@emptytoks=\toks48
\ex@=\dimen278
)) (/usr/share/texmf-dist/tex/latex/amsmath/amsbsy.sty
Package: amsbsy 1999/11/29 v1.2d Bold Symbols
\pmbraise@=\dimen279
) (/usr/share/texmf-dist/tex/latex/amsmath/amsopn.sty
Package: amsopn 2022/04/08 v2.04 operator names
)
\inf@bad=\count334
LaTeX Info: Redefining \frac on input line 233.
\uproot@=\count335
\leftroot@=\count336
LaTeX Info: Redefining \overline on input line 398.
LaTeX Info: Redefining \colon on input line 409.
\classnum@=\count337
\DOTSCASE@=\count338
LaTeX Info: Redefining \ldots on input line 495.
LaTeX Info: Redefining \dots on input line 498.
LaTeX Info: Redefining \cdots on input line 619.
\Mathstrutbox@=\box68
\strutbox@=\box69
LaTeX Info: Redefining \big on input line 721.
LaTeX Info: Redefining \Big on input line 722.
LaTeX Info: Redefining \bigg on input line 723.
LaTeX Info: Redefining \Bigg on input line 724.
\big@size=\dimen280
LaTeX Font Info:    Redeclaring font encoding OML on input line 742.
LaTeX Font Info:    Redeclaring font encoding OMS on input line 743.
\macc@depth=\count339
LaTeX Info: Redefining \bmod on input line 904.
LaTeX Info: Redefining \pmod on input line 909.
LaTeX Info: Redefining \smash on input line 939.
LaTeX Info: Redefining \relbar on input line 969.
LaTeX Info: Redefining \Relbar on input line 970.
\c@MaxMatrixCols=\count340
\dotsspace@=\muskip17
\c@parentequation=\count341
\dspbrk@lvl=\count342
\tag@help=\toks49
\row@=\count343
\column@=\count344
\maxfields@=\count345
\andhelp@=\toks50
\eqnshift@=\dimen281
\alignsep@=\dimen282
\tagshift@=\dimen283
\tagwidth@=\dimen284
\totwidth@=\dimen285
\lineht@=\dimen286
\@envbody=\toks51
\multlinegap=\skip79
\multlinetaggap=\skip80
\mathdisplay@stack=\toks52
LaTeX Info: Redefining \[ on input line 2950.
LaTeX Info: Redefining \] on input line 2951.
) (/usr/share/texmf-dist/tex/latex/amsfonts/amsfonts.sty
Package: amsfonts 2013/01/14 v3.01 Basic AMSFonts support
\symAMSa=\mathgroup4
\symAMSb=\mathgroup5
LaTeX Font Info:    Redeclaring math symbol \hbar on input line 98.
LaTeX Font Info:    Overwriting math alphabet `\mathfrak' in version `bold'
(Font)                  U/euf/m/n --> U/euf/b/n on input line 106.
) (/usr/share/texmf-dist/tex/latex/amsfonts/amssymb.sty
Package: amssymb 2013/01/14 v3.01 AMS font symbols
) (/usr/share/texmf-dist/tex/latex/was/upgreek.sty
Package: upgreek 2003/02/12 v2.0 (WaS)
Package upgreek Info: Using Euler Roman for upright Greek on input line 31.
\symugrf@m=\mathgroup6
LaTeX Font Info:    Overwriting symbol font `ugrf@m' in version `bold'
(Font)                  U/eur/m/n --> U/eur/b/n on input line 38.
)) (./tumuser.sty
Package: tumuser 2021/04/19 v2.0
) (./tum/tumbook.sty
Package: tumbook 2021/04/19 v2.0
(/usr/share/texmf-dist/tex/latex/enumitem/enumitem.sty
Package: enumitem 2025/02/06 v3.11 Customized lists
\labelindent=\skip81
\enit@outerparindent=\dimen287
\enit@toks=\toks53
\enit@inbox=\box70
\enit@count@id=\count346
\enitdp@description=\count347
) (/usr/share/texmf-dist/tex/latex/hyperref/hyperref.sty
Package: hyperref 2026-01-29 v7.01p Hypertext links for LaTeX
(/usr/share/texmf-dist/tex/latex/kvsetkeys/kvsetkeys.sty
Package: kvsetkeys 2022-10-05 v1.19 Key value parser (HO)
) (/usr/share/texmf-dist/tex/generic/kvdefinekeys/kvdefinekeys.sty
Package: kvdefinekeys 2019-12-19 v1.6 Define keys (HO)
) (/usr/share/texmf-dist/tex/generic/pdfescape/pdfescape.sty
Package: pdfescape 2019/12/09 v1.15 Implements pdfTeX's escape features (HO)
(/usr/share/texmf-dist/tex/generic/ltxcmds/ltxcmds.sty
Package: ltxcmds 2023-12-04 v1.26 LaTeX kernel commands for general use (HO)
) (/usr/share/texmf-dist/tex/generic/pdftexcmds/pdftexcmds.sty
Package: pdftexcmds 2020-06-27 v0.33 Utility functions of pdfTeX for LuaTeX (HO
)
(/usr/share/texmf-dist/tex/generic/infwarerr/infwarerr.sty
Package: infwarerr 2019/12/03 v1.5 Providing info/warning/error messages (HO)
)
Package pdftexcmds Info: \pdf@primitive is available.
Package pdftexcmds Info: \pdf@ifprimitive is available.
Package pdftexcmds Info: \pdfdraftmode found.
)) (/usr/share/texmf-dist/tex/latex/hycolor/hycolor.sty
Package: hycolor 2020-01-27 v1.10 Color options for hyperref/bookmark (HO)
) (/usr/share/texmf-dist/tex/latex/hyperref/nameref.sty
Package: nameref 2026-01-29 v2.58 Cross-referencing by name of section
(/usr/share/texmf-dist/tex/latex/refcount/refcount.sty
Package: refcount 2019/12/15 v3.6 Data extraction from label references (HO)
) (/usr/share/texmf-dist/tex/generic/gettitlestring/gettitlestring.sty
Package: gettitlestring 2019/12/15 v1.6 Cleanup title references (HO)
(/usr/share/texmf-dist/tex/latex/kvoptions/kvoptions.sty
Package: kvoptions 2022-06-15 v3.15 Key value format for package options (HO)
))
\c@section@level=\count348
) (/usr/share/texmf-dist/tex/generic/stringenc/stringenc.sty
Package: stringenc 2019/11/29 v1.12 Convert strings between diff. encodings (HO
)
)
\@linkdim=\dimen288
\Hy@linkcounter=\count349
\Hy@pagecounter=\count350
(/usr/share/texmf-dist/tex/latex/hyperref/pd1enc.def
File: pd1enc.def 2026-01-29 v7.01p Hyperref: PDFDocEncoding definition (HO)
Now handling font encoding PD1 ...
... no UTF-8 mapping file for font encoding PD1
) (/usr/share/texmf-dist/tex/generic/intcalc/intcalc.sty
Package: intcalc 2019/12/15 v1.3 Expandable calculations with integers (HO)
)
\Hy@SavedSpaceFactor=\count351
(/usr/share/texmf-dist/tex/latex/hyperref/puenc.def
File: puenc.def 2026-01-29 v7.01p Hyperref: PDF Unicode definition (HO)
Now handling font encoding PU ...
... no UTF-8 mapping file for font encoding PU
)
Package hyperref Info: Option `breaklinks' set `true' on input line 4072.
Package hyperref Info: Hyper figures OFF on input line 4201.
Package hyperref Info: Link nesting OFF on input line 4206.
Package hyperref Info: Hyper index ON on input line 4209.
Package hyperref Info: Plain pages OFF on input line 4216.
Package hyperref Info: Backreferencing OFF on input line 4221.
Package hyperref Info: Implicit mode ON; LaTeX internals redefined.
Package hyperref Info: Bookmarks ON on input line 4468.
\c@Hy@tempcnt=\count352
(/usr/share/texmf-dist/tex/latex/url/url.sty
\Urlmuskip=\muskip18
Package: url 2013/09/16  ver 3.4  Verb mode for urls, etc.
)
LaTeX Info: Redefining \url on input line 4807.
\XeTeXLinkMargin=\dimen289
(/usr/share/texmf-dist/tex/generic/bitset/bitset.sty
Package: bitset 2019/12/09 v1.3 Handle bit-vector datatype (HO)
(/usr/share/texmf-dist/tex/generic/bigintcalc/bigintcalc.sty
Package: bigintcalc 2019/12/15 v1.5 Expandable calculations on big integers (HO
)
))
\Fld@menulength=\count353
\Field@Width=\dimen290
\Fld@charsize=\dimen291
Package hyperref Info: Hyper figures OFF on input line 6084.
Package hyperref Info: Link nesting OFF on input line 6089.
Package hyperref Info: Hyper index ON on input line 6092.
Package hyperref Info: backreferencing OFF on input line 6099.
Package hyperref Info: Link coloring OFF on input line 6104.
Package hyperref Info: Link coloring with OCG OFF on input line 6109.
Package hyperref Info: PDF/A mode OFF on input line 6114.
\Hy@abspage=\count354
\c@Item=\count355
\c@Hfootnote=\count356
)
Package hyperref Info: Driver (autodetected): hpdftex.
(/usr/share/texmf-dist/tex/latex/hyperref/hpdftex.def
File: hpdftex.def 2026-01-29 v7.01p Hyperref driver for pdfTeX
\Fld@listcount=\count357
\c@bookmark@seq@number=\count358
(/usr/share/texmf-dist/tex/latex/rerunfilecheck/rerunfilecheck.sty
Package: rerunfilecheck 2025-06-21 v1.11 Rerun checks for auxiliary files (HO)
(/usr/share/texmf-dist/tex/generic/uniquecounter/uniquecounter.sty
Package: uniquecounter 2019/12/15 v1.4 Provide unlimited unique counter (HO)
)
Package uniquecounter Info: New unique counter `rerunfilecheck' on input line 2
84.
)
\Hy@SectionHShift=\skip82
)
\TUMCoverImageHeight=\skip83
\TUMCoverImageWidth=\skip84
)
\@tum@cover@title@height@=\skip85
Package hyperref Info: Option `bookmarksnumbered' set `true' on input line 293.

Package hyperref Info: Option `bookmarksopen' set `true' on input line 293.
) (/usr/share/texmf-dist/tex/latex/biblatex/biblatex.sty
Package: biblatex 2025/07/10 v3.21 programmable bibliographies (PK/MW)
(/usr/share/texmf-dist/tex/latex/logreq/logreq.sty
Package: logreq 2010/08/04 v1.0 xml request logger
\lrq@indent=\count359
(/usr/share/texmf-dist/tex/latex/logreq/logreq.def
File: logreq.def 2010/08/04 v1.0 logreq spec v1.0
)) (/usr/share/texmf-dist/tex/latex/base/ifthen.sty
Package: ifthen 2024/03/16 v1.1e Standard LaTeX ifthen package (DPC)
)
\c@tabx@nest=\count360
\c@listtotal=\count361
\c@listcount=\count362
\c@liststart=\count363
\c@liststop=\count364
\c@citecount=\count365
\c@citetotal=\count366
\c@multicitecount=\count367
\c@multicitetotal=\count368
\c@instcount=\count369
\c@maxnames=\count370
\c@minnames=\count371
\c@maxitems=\count372
\c@minitems=\count373
\c@citecounter=\count374
\c@maxcitecounter=\count375
\c@savedcitecounter=\count376
\c@uniquelist=\count377
\c@uniquename=\count378
\c@refsection=\count379
\c@refsegment=\count380
\c@maxextratitle=\count381
\c@maxextratitleyear=\count382
\c@maxextraname=\count383
\c@maxextradate=\count384
\c@maxextraalpha=\count385
\c@abbrvpenalty=\count386
\c@highnamepenalty=\count387
\c@lownamepenalty=\count388
\c@maxparens=\count389
\c@parenlevel=\count390
\blx@tempcnta=\count391
\blx@tempcntb=\count392
\blx@tempcntc=\count393
\c@blx@maxsection=\count394
\blx@maxsegment@0=\count395
\blx@notetype=\count396
\blx@parenlevel@text=\count397
\blx@parenlevel@foot=\count398
\blx@sectionciteorder@0=\count399
\blx@sectionciteorderinternal@0=\count400
\blx@entrysetcounter=\count401
\blx@biblioinstance=\count402
\labelnumberwidth=\skip86
\labelalphawidth=\skip87
\biblabelsep=\skip88
\bibitemsep=\skip89
\bibnamesep=\skip90
\bibinitsep=\skip91
\bibparsep=\skip92
\bibhang=\skip93
\blx@bcfin=\read4
\blx@bcfout=\write4
\blx@langwohyphens=\language11
\c@mincomprange=\count403
\c@maxcomprange=\count404
\c@mincompwidth=\count405
Package biblatex Info: Trying to load biblatex default data model...
Package biblatex Info: ... file 'blx-dm.def' found.
(/usr/share/texmf-dist/tex/latex/biblatex/blx-dm.def
File: blx-dm.def 2025/07/10 v3.21 biblatex datamodel (PK/MW)
)
Package biblatex Info: Trying to load biblatex style data model...
Package biblatex Info: ... file 'ieee.dbx' not found.
Package biblatex Info: Trying to load biblatex custom data model...
Package biblatex Info: ... file 'biblatex-dm.cfg' not found.
\c@afterword=\count406
\c@savedafterword=\count407
\c@annotator=\count408
\c@savedannotator=\count409
\c@author=\count410
\c@savedauthor=\count411
\c@bookauthor=\count412
\c@savedbookauthor=\count413
\c@commentator=\count414
\c@savedcommentator=\count415
\c@editor=\count416
\c@savededitor=\count417
\c@editora=\count418
\c@savededitora=\count419
\c@editorb=\count420
\c@savededitorb=\count421
\c@editorc=\count422
\c@savededitorc=\count423
\c@foreword=\count424
\c@savedforeword=\count425
\c@holder=\count426
\c@savedholder=\count427
\c@introduction=\count428
\c@savedintroduction=\count429
\c@namea=\count430
\c@savednamea=\count431
\c@nameb=\count432
\c@savednameb=\count433
\c@namec=\count434
\c@savednamec=\count435
\c@translator=\count436
\c@savedtranslator=\count437
\c@shortauthor=\count438
\c@savedshortauthor=\count439
\c@shorteditor=\count440
\c@savedshorteditor=\count441
\c@labelname=\count442
\c@savedlabelname=\count443
\c@institution=\count444
\c@savedinstitution=\count445
\c@lista=\count446
\c@savedlista=\count447
\c@listb=\count448
\c@savedlistb=\count449
\c@listc=\count450
\c@savedlistc=\count451
\c@listd=\count452
\c@savedlistd=\count453
\c@liste=\count454
\c@savedliste=\count455
\c@listf=\count456
\c@savedlistf=\count457
\c@location=\count458
\c@savedlocation=\count459
\c@organization=\count460
\c@savedorganization=\count461
\c@origlocation=\count462
\c@savedoriglocation=\count463
\c@origpublisher=\count464
\c@savedorigpublisher=\count465
\c@publisher=\count466
\c@savedpublisher=\count467
\c@language=\count468
\c@savedlanguage=\count469
\c@origlanguage=\count470
\c@savedoriglanguage=\count471
\c@pageref=\count472
\c@savedpageref=\count473
\shorthandwidth=\skip94
\shortjournalwidth=\skip95
\shortserieswidth=\skip96
\shorttitlewidth=\skip97
\shortauthorwidth=\skip98
\shorteditorwidth=\skip99
\locallabelnumberwidth=\skip100
\locallabelalphawidth=\skip101
\localshorthandwidth=\skip102
\localshortjournalwidth=\skip103
\localshortserieswidth=\skip104
\localshorttitlewidth=\skip105
\localshortauthorwidth=\skip106
\localshorteditorwidth=\skip107
Package biblatex Info: Trying to load compatibility code...
Package biblatex Info: ... file 'blx-compat.def' found.
(/usr/share/texmf-dist/tex/latex/biblatex/blx-compat.def
File: blx-compat.def 2025/07/10 v3.21 biblatex compatibility (PK/MW)
)
Package biblatex Info: Trying to load generic definitions...
Package biblatex Info: ... file 'biblatex.def' found.
(/usr/share/texmf-dist/tex/latex/biblatex/biblatex.def
File: biblatex.def 2025/07/10 v3.21 biblatex compatibility (PK/MW)
\c@textcitecount=\count474
\c@textcitetotal=\count475
\c@textcitemaxnames=\count476
\c@biburlbigbreakpenalty=\count477
\c@biburlbreakpenalty=\count478
\c@biburlnumpenalty=\count479
\c@biburlucpenalty=\count480
\c@biburllcpenalty=\count481
\biburlbigskip=\muskip19
\biburlnumskip=\muskip20
\biburlucskip=\muskip21
\biburllcskip=\muskip22
\c@smartand=\count482
)
Package biblatex Info: Trying to load bibliography style 'ieee'...
Package biblatex Info: ... file 'ieee.bbx' found.
(/usr/share/texmf-dist/tex/latex/biblatex-ieee/ieee.bbx
File: ieee.bbx 2025-08-01 v1.4f biblatex bibliography style
Package biblatex Info: Trying to load bibliography style 'numeric-comp'...
Package biblatex Info: ... file 'numeric-comp.bbx' found.
(/usr/share/texmf-dist/tex/latex/biblatex/bbx/numeric-comp.bbx
File: numeric-comp.bbx 2025/07/10 v3.21 biblatex bibliography style (PK/MW)
Package biblatex Info: Trying to load bibliography style 'numeric'...
Package biblatex Info: ... file 'numeric.bbx' found.
(/usr/share/texmf-dist/tex/latex/biblatex/bbx/numeric.bbx
File: numeric.bbx 2025/07/10 v3.21 biblatex bibliography style (PK/MW)
Package biblatex Info: Trying to load bibliography style 'standard'...
Package biblatex Info: ... file 'standard.bbx' found.
(/usr/share/texmf-dist/tex/latex/biblatex/bbx/standard.bbx
File: standard.bbx 2025/07/10 v3.21 biblatex bibliography style (PK/MW)
\c@bbx:relatedcount=\count483
\c@bbx:relatedtotal=\count484
))))
Package biblatex Info: Trying to load citation style 'ieee'...
Package biblatex Info: ... file 'ieee.cbx' found.
(/usr/share/texmf-dist/tex/latex/biblatex-ieee/ieee.cbx
File: ieee.cbx 2025-08-01 v1.4f biblatex citation style
Package biblatex Info: Trying to load citation style 'numeric-verb'...
Package biblatex Info: ... file 'numeric-verb.cbx' found.
(/usr/share/texmf-dist/tex/latex/biblatex/cbx/numeric-verb.cbx
File: numeric-verb.cbx 2025/07/10 v3.21 biblatex citation style (PK/MW)
Package biblatex Info: Redefining '\cite'.
Package biblatex Info: Redefining '\parencite'.
Package biblatex Info: Redefining '\footcite'.
Package biblatex Info: Redefining '\footcitetext'.
Package biblatex Info: Redefining '\smartcite'.
Package biblatex Info: Redefining '\textcite'.
Package biblatex Info: Redefining '\supercite'.
Package biblatex Info: Redefining '\parencites'.
Package biblatex Info: Redefining '\smartcites'.
Package biblatex Info: Redefining '\textcites'.
))
Package biblatex Info: Trying to load configuration file...
Package biblatex Info: ... file 'biblatex.cfg' found.
(/usr/share/texmf-dist/tex/latex/biblatex/biblatex.cfg
File: biblatex.cfg 
)
Package biblatex Info: Input encoding 'utf8' detected.
Package biblatex Info: Document encoding is UTF8 ....
(/usr/share/texmf-dist/tex/latex/l3kernel/expl3.sty
Package: expl3 2026-01-19 L3 programming layer (loader) 
(/usr/share/texmf-dist/tex/latex/l3backend/l3backend-pdftex.def
File: l3backend-pdftex.def 2025-10-09 L3 backend support: PDF output (pdfTeX)
\l__color_backend_stack_int=\count485
))
Package biblatex Info: ... and expl3
(biblatex)             2026-01-19 L3 programming layer (loader) 
(biblatex)             is new enough (at least 2020/04/06),
(biblatex)             setting 'casechanger=expl3'.
(/usr/share/texmf-dist/tex/latex/biblatex/blx-case-expl3.sty (/usr/share/texmf-
dist/tex/latex/l3packages/xparse/xparse.sty
Package: xparse 2025-10-09 L3 Experimental document command parser
)
Package: blx-case-expl3 2025/07/10 v3.21 expl3 case changing code for biblatex
)) (/usr/share/texmf-dist/tex/latex/acro/acro.sty (/usr/share/texmf-dist/tex/la
tex/l3packages/l3keys2e/l3keys2e.sty
Package: l3keys2e 2025-10-09 LaTeX2e option processing using LaTeX3 keys
)
Package: acro 2022/04/01 v3.8 typeset acronyms and other abbreviations (CN)
\l__acro_tmpa_int=\count486
\l__acro_tmpb_int=\count487
\l__acro_tmpc_int=\count488
\l__acro_tmpd_int=\count489
Loading module `base' ...
Loading module `interface' ...
Loading module `aux' ...
Loading module `properties' ...
Loading module `acronyms' ...
Loading module `formatting' ...
Loading module `ppfixes' ...
Loading module `tools' ...
\l__acro_minimal_usage_int=\count490
\l__acro_nest_int=\count491
\g_acro_barrier_int=\count492
\g_acro_barrier_total_int=\count493
Loading module `commands' ...
\l_acro_nest_level_int=\count494
Loading module `templates' ...
Loading module `list' ...
Loading module `pages' ...
\l__acro_pages_seq_threshold_int=\count495
Loading module `locale' ...
(/usr/share/texmf-dist/tex/latex/translations/translations.sty
Package: translations 2022/02/05 v1.12 internationalization of LaTeX2e packages
 (CN)
)
Loading module `pdfsupport' ...
Loading module `patch' ...
Loading module `definitions' ...
Loading module `upgrade' ...
)
==> First Aid for acro.sty applied!
(./acro.tex
\c@g@acro@FPS@int=\count496
\c@g@acro@OSM@int=\count497
\c@g@acro@MLT@int=\count498
\c@g@acro@MVT@int=\count499
\c@g@acro@CDN@int=\count500
\c@g@acro@AST@int=\count501
\c@g@acro@FSST@int=\count502
\c@g@acro@RLE@int=\count503
\c@g@acro@SIMD@int=\count504
\c@g@acro@PBF@int=\count505
\c@g@acro@SDF@int=\count506
\c@g@acro@SCCP@int=\count507
\c@g@acro@DCE@int=\count508
\c@g@acro@IR@int=\count509
\c@g@acro@OMT@int=\count510
\c@g@acro@WMTS@int=\count511
\c@g@acro@API@int=\count512
\c@g@acro@JNI@int=\count513
\c@g@acro@JVM@int=\count514
\c@g@acro@FFM@int=\count515
\c@g@acro@RAII@int=\count516
\c@g@acro@VarInt@int=\count517
\c@g@acro@FastPFOR@int=\count518
\c@g@acro@DSL@int=\count519
\c@g@acro@TRS@int=\count520
\c@g@acro@PGO@int=\count521
\c@g@acro@LRU@int=\count522
\c@g@acro@DOF@int=\count523
\c@g@acro@GC@int=\count524
\c@g@acro@RAPL@int=\count525
\c@g@acro@GPU@int=\count526
\c@g@acro@JSON@int=\count527
\c@g@acro@CPU@int=\count528
\c@g@acro@WASM@int=\count529
\c@g@acro@HTTP@int=\count530
\c@g@acro@CSS@int=\count531
\c@g@acro@SVG@int=\count532
\c@g@acro@PNG@int=\count533
\c@g@acro@WebGL@int=\count534
\c@g@acro@WebGPU@int=\count535
\c@g@acro@OGC@int=\count536
\c@g@acro@RAM@int=\count537
\c@g@acro@GeoJSON@int=\count538
) (/usr/share/texmf-dist/tex/latex/tikz-cd/tikz-cd.sty
Package: tikz-cd 2021/05/04 v1.0 Commutative diagrams with TikZ
(/usr/share/texmf-dist/tex/generic/tikz-cd/tikzlibrarycd.code.tex
(/usr/share/texmf-dist/tex/generic/pgf/frontendlayer/tikz/libraries/tikzlibrary
matrix.code.tex
File: tikzlibrarymatrix.code.tex 2025-08-29 v3.1.11a (3.1.11a)
)
(/usr/share/texmf-dist/tex/generic/pgf/frontendlayer/tikz/libraries/tikzlibrary
quotes.code.tex
File: tikzlibraryquotes.code.tex 2025-08-29 v3.1.11a (3.1.11a)
)
(/usr/share/texmf-dist/tex/generic/pgf/libraries/pgflibraryarrows.meta.code.tex
File: pgflibraryarrows.meta.code.tex 2025-08-29 v3.1.11a (3.1.11a)
\pgfarrowinset=\dimen292
\pgfarrowlength=\dimen293
\pgfarrowwidth=\dimen294
\pgfarrowlinewidth=\dimen295
)))
(/usr/share/texmf-dist/tex/generic/pgf/frontendlayer/tikz/libraries/tikzlibrary
positioning.code.tex
File: tikzlibrarypositioning.code.tex 2025-08-29 v3.1.11a (3.1.11a)
)
(/usr/share/texmf-dist/tex/generic/pgf/frontendlayer/tikz/libraries/tikzlibrary
shapes.geometric.code.tex
File: tikzlibraryshapes.geometric.code.tex 2025-08-29 v3.1.11a (3.1.11a)

(/usr/share/texmf-dist/tex/generic/pgf/libraries/shapes/pgflibraryshapes.geomet
ric.code.tex
File: pgflibraryshapes.geometric.code.tex 2025-08-29 v3.1.11a (3.1.11a)
))
(/usr/share/texmf-dist/tex/generic/pgf/frontendlayer/tikz/libraries/tikzlibrary
fit.code.tex
File: tikzlibraryfit.code.tex 2025-08-29 v3.1.11a (3.1.11a)
)
(/usr/share/texmf-dist/tex/generic/pgf/frontendlayer/tikz/libraries/tikzlibrary
calc.code.tex
File: tikzlibrarycalc.code.tex 2025-08-29 v3.1.11a (3.1.11a)
)
(/usr/share/texmf-dist/tex/generic/pgf/frontendlayer/tikz/libraries/tikzlibrary
backgrounds.code.tex
File: tikzlibrarybackgrounds.code.tex 2025-08-29 v3.1.11a (3.1.11a)
\pgf@layerbox@background=\box71
\pgf@layerboxsaved@background=\box72
)
(/usr/share/texmf-dist/tex/generic/pgf/frontendlayer/tikz/libraries/tikzlibrary
decorations.pathreplacing.code.tex
(/usr/share/texmf-dist/tex/generic/pgf/frontendlayer/tikz/libraries/tikzlibrary
decorations.code.tex (/usr/share/texmf-dist/tex/generic/pgf/modules/pgfmodulede
corations.code.tex
\pgfdecoratedcompleteddistance=\dimen296
\pgfdecoratedremainingdistance=\dimen297
\pgfdecoratedinputsegmentcompleteddistance=\dimen298
\pgfdecoratedinputsegmentremainingdistance=\dimen299
\pgf@decorate@distancetomove=\dimen300
\pgf@decorate@repeatstate=\count539
\pgfdecorationsegmentamplitude=\dimen301
\pgfdecorationsegmentlength=\dimen302
)
\tikz@lib@dec@box=\box73
)
(/usr/share/texmf-dist/tex/generic/pgf/libraries/decorations/pgflibrarydecorati
ons.pathreplacing.code.tex))
(/usr/share/texmf-dist/tex/generic/pgf/frontendlayer/tikz/libraries/tikzlibrary
decorations.markings.code.tex
(/usr/share/texmf-dist/tex/generic/pgf/libraries/decorations/pgflibrarydecorati
ons.markings.code.tex)) (/usr/share/texmf-dist/tex/latex/listings/listings.sty
\lst@mode=\count540
\lst@gtempboxa=\box74
\lst@token=\toks54
\lst@length=\count541
\lst@currlwidth=\dimen303
\lst@column=\count542
\lst@pos=\count543
\lst@lostspace=\dimen304
\lst@width=\dimen305
\lst@newlines=\count544
\lst@lineno=\count545
\lst@maxwidth=\dimen306
(/usr/share/texmf-dist/tex/latex/listings/lstpatch.sty
File: lstpatch.sty 2025/11/14 1.11b (Carsten Heinz)
) (/usr/share/texmf-dist/tex/latex/listings/lstmisc.sty
File: lstmisc.sty 2025/11/14 1.11b (Carsten Heinz)
\c@lstnumber=\count546
\lst@skipnumbers=\count547
\lst@framebox=\box75
) (/usr/share/texmf-dist/tex/latex/listings/listings.cfg
File: listings.cfg 2025/11/14 1.11b listings configuration
))
Package: listings 2025/11/14 1.11b (Carsten Heinz)
==> First Aid for listings.sty no longer applied!
    Expected:
        2024/09/23 1.10c (Carsten Heinz)
    but found:
        2025/11/14 1.11b (Carsten Heinz)
    so I'm assuming it got fixed.
(./listings-rust.sty
Package: listings-rust 2018/01/23 Custom Package
) (./listings-maplibre.sty
Package: listings-maplibre 2026/05/24 MapLibre style spec highlighting
) (/usr/share/texmf-dist/tex/latex/wrapfig/wrapfig.sty
\wrapoverhang=\dimen307
\WF@size=\dimen308
\c@WF@wrappedlines=\count548
\WF@box=\box76
\WF@everypar=\toks55
Package: wrapfig 2003/01/31  v 3.6
) (/usr/share/texmf-dist/tex/latex/placeins/placeins.sty
Package: placeins 2005/04/18  v 2.2
) (/usr/share/texmf-dist/tex/latex/needspace/needspace.sty
Package: needspace 2025/03/13 v1.3e reserve vertical space
) (/usr/share/texmf-dist/tex/latex/float/float.sty
Package: float 2001/11/08 v1.3d Float enhancements (AL)
\c@float@type=\count549
\float@exts=\toks56
\float@box=\box77
\@float@everytoks=\toks57
\@floatcapt=\box78
) (/usr/share/texmf-dist/tex/latex/microtype/microtype.sty
Package: microtype 2026/03/01 v3.2d Micro-typographical refinements (RS)
\MT@toks=\toks58
\MT@tempbox=\box79
\MT@count=\count550
LaTeX Info: Redefining \noprotrusionifhmode on input line 1084.
LaTeX Info: Redefining \leftprotrusion on input line 1085.
\MT@prot@toks=\toks59
LaTeX Info: Redefining \rightprotrusion on input line 1104.
LaTeX Info: Redefining \textls on input line 1449.
\MT@outer@kern=\dimen309
LaTeX Info: Redefining \microtypecontext on input line 2053.
LaTeX Info: Redefining \textmicrotypecontext on input line 2070.
\MT@listname@count=\count551
(/usr/share/texmf-dist/tex/latex/microtype/microtype-pdftex.def
File: microtype-pdftex.def 2026/03/01 v3.2d Definitions specific to pdftex (RS)

LaTeX Info: Redefining \lsstyle on input line 944.
LaTeX Info: Redefining \lslig on input line 944.
\MT@outer@space=\skip108
)
Package microtype Info: Loading configuration file microtype.cfg.
(/usr/share/texmf-dist/tex/latex/microtype/microtype.cfg
File: microtype.cfg 2026/03/01 v3.2d microtype main configuration file (RS)
)
LaTeX Info: Redefining \microtypesetup on input line 3065.
) (/usr/share/texmf-dist/tex/latex/booktabs/booktabs.sty
Package: booktabs 2020/01/12 v1.61803398 Publication quality tables
\heavyrulewidth=\dimen310
\lightrulewidth=\dimen311
\cmidrulewidth=\dimen312
\belowrulesep=\dimen313
\belowbottomsep=\dimen314
\aboverulesep=\dimen315
\abovetopsep=\dimen316
\cmidrulesep=\dimen317
\cmidrulekern=\dimen318
\defaultaddspace=\dimen319
\@cmidla=\count552
\@cmidlb=\count553
\@aboverulesep=\dimen320
\@belowrulesep=\dimen321
\@thisruleclass=\count554
\@lastruleclass=\count555
\@thisrulewidth=\dimen322
) (/usr/share/texmf-dist/tex/latex/csquotes/csquotes.sty
Package: csquotes 2024-04-04 v5.2o context-sensitive quotations (JAW)
\csq@reset=\count556
\csq@gtype=\count557
\csq@glevel=\count558
\csq@qlevel=\count559
\csq@maxlvl=\count560
\csq@tshold=\count561
\csq@ltx@everypar=\toks60
(/usr/share/texmf-dist/tex/latex/csquotes/csquotes.def
File: csquotes.def 2024-04-04 v5.2o csquotes generic definitions (JAW)
)
Package csquotes Info: Trying to load configuration file 'csquotes.cfg'...
Package csquotes Info: ... configuration file loaded successfully.
(/usr/share/texmf-dist/tex/latex/csquotes/csquotes.cfg
File: csquotes.cfg 
)) (/usr/share/texmf-dist/tex/latex/siunitx/siunitx.sty
Package: siunitx 2025-07-09 v3.4.14 A comprehensive (SI) units package
\l__siunitx_number_uncert_offset_int=\count562
\l__siunitx_number_exponent_fixed_int=\count563
\l__siunitx_number_min_decimal_int=\count564
\l__siunitx_number_min_integer_int=\count565
\l__siunitx_number_round_precision_int=\count566
\l__siunitx_number_lower_threshold_int=\count567
\l__siunitx_number_upper_threshold_int=\count568
\l__siunitx_number_group_first_int=\count569
\l__siunitx_number_group_size_int=\count570
\l__siunitx_number_group_minimum_int=\count571
\l__siunitx_angle_tmp_dim=\dimen323
\l__siunitx_angle_marker_box=\box80
\l__siunitx_angle_unit_box=\box81
\l__siunitx_compound_count_int=\count572
\l__siunitx_table_tmp_box=\box82
\l__siunitx_table_tmp_dim=\dimen324
\l__siunitx_table_column_width_dim=\dimen325
\l__siunitx_table_integer_box=\box83
\l__siunitx_table_decimal_box=\box84
\l__siunitx_table_uncert_box=\box85
\l__siunitx_table_before_box=\box86
\l__siunitx_table_after_box=\box87
\l__siunitx_table_before_dim=\dimen326
\l__siunitx_table_carry_dim=\dimen327
\l__siunitx_unit_tmp_int=\count573
\l__siunitx_unit_position_int=\count574
\l__siunitx_unit_total_int=\count575
) (/usr/share/texmf-dist/tex/latex/tabularray/tabularray.sty
Package: tabularray 2025-11-27 v2025C Typeset tabulars and arrays with LaTeX3
(/usr/share/texmf-dist/tex/latex/ninecolors/ninecolors.sty
Package: ninecolors 2022-02-13 v2022D Select colors with proper color contrast
)
\g__tblr_nohyper_int=\count576
\l__tblr_a_int=\count577
\l__tblr_c_int=\count578
\l__tblr_r_int=\count579
\l__tblr_d_dim=\dimen328
\l__tblr_h_dim=\dimen329
\l__tblr_o_dim=\dimen330
\l__tblr_p_dim=\dimen331
\l__tblr_q_dim=\dimen332
\l__tblr_r_dim=\dimen333
\l__tblr_s_dim=\dimen334
\l__tblr_t_dim=\dimen335
\l__tblr_v_dim=\dimen336
\l__tblr_w_dim=\dimen337
\l__tblr_a_box=\box88
\l__tblr_b_box=\box89
\l__tblr_c_box=\box90
\l__tblr_d_box=\box91
\c@tblrcount=\count580
\c@colnum=\count581
\c@rowcount=\count582
\c@colcount=\count583
\abovesep=\dimen338
\belowsep=\dimen339
\leftsep=\dimen340
\rightsep=\dimen341
\gTblrLevelInt=\count584
\g__tblr_data_row_key_count_int=\count585
\g__tblr_data_column_key_count_int=\count586
\g__tblr_data_cell_key_count_int=\count587
\g__tblr_array_int=\count588
\l__tblr_key_count_int=\count589
\l__tblr_key_quotient_int=\count590
\l__tblr_key_quotient_two_int=\count591
\l__tblr_key_remainder_int=\count592
\g__tblr_data_str_value_count_int=\count593
\lTblrChildTotalInt=\count594
\lTblrChildHtotalInt=\count595
\lTblrChildVtotalInt=\count596
\l__child_diff_h_int=\count597
\l__child_diff_v_int=\count598
\l__child_sign_h_int=\count599
\l__child_sign_v_int=\count600
\l__child_step_int=\count601
\lTblrDefaultHruleWidthDim=\dimen342
\lTblrDefaultVruleWidthDim=\dimen343
\l__tblr_split_balance_int=\count602
\l__tblr_strut_dp_dim=\dimen344
\l__tblr_strut_ht_dim=\dimen345
\g__tblr_cell_wd_dim=\dimen346
\g__tblr_cell_ht_dim=\dimen347
\g__tblr_cell_head_dim=\dimen348
\g__tblr_cell_foot_dim=\dimen349
\l__tblr_measured_cell_box=\box92
\g__tblr_last_box=\box93
\l__tblr_temp_box=\box94
\l__tblr_column_target_dim=\dimen350
\l__tblr_hfuzz_dim=\dimen351
\l__tblr_caption_box=\box95
\l__tblr_caption_left_box=\box96
\lTblrRowHeadInt=\count603
\lTblrRowFootInt=\count604
\l__tblr_row_head_box=\box97
\l__tblr_row_foot_box=\box98
\l__tblr_row_head_foot_dim=\dimen352
\lTblrTableWidthDim=\dimen353
\l__tblr_table_firsthead_box=\box99
\l__tblr_table_middlehead_box=\box100
\l__tblr_table_lasthead_box=\box101
\l__tblr_table_firstfoot_box=\box102
\l__tblr_table_middlefoot_box=\box103
\l__tblr_table_lastfoot_box=\box104
\l__tblr_remain_height_dim=\dimen354
\l__tblr_next_rows_dim=\dimen355
\l__tblr_page_overfill_dim=\dimen356
\l__tblr_long_from_int=\count605
\l__tblr_long_to_int=\count606
\l__tblr_curr_i_int=\count607
\l__tblr_prev_i_int=\count608
\lTblrTablePageInt=\count609
\l__tblr_table_head_box=\box105
\l__tblr_table_foot_box=\box106
\l__tblr_table_head_foot_dim=\dimen357
\l__tblr_table_head_body_foot_dim=\dimen358
\l__tblr_table_box=\box107
\lTblrRowFirstInt=\count610
\lTblrRowLastInt=\count611
\l__tblr_cover_box_a_dim=\dimen359
\l__tblr_cover_box_b_dim=\dimen360
\l__tblr_table_hlines_box=\box108
\l__tblr_hline_box=\box109
\l__tblr_row_box=\box110
\l__tblr_col_o_wd_dim=\dimen361
\l__tblr_col_b_wd_dim=\dimen362
\l__tblr_hline_leftskip_dim=\dimen363
\l__tblr_hline_rightskip_dim=\dimen364
\l__tblr_row_ht_dim=\dimen365
\l__tblr_row_dp_dim=\dimen366
\l__tblr_row_abovesep_dim=\dimen367
\l__tblr_row_belowsep_dim=\dimen368
\l__tblr_row_vlines_box=\box111
\l__tblr_vline_box=\box112
\l__tblr_cell_box=\box113
\l__tblr_row_upper_dim=\dimen369
\l__tblr_row_lower_dim=\dimen370
\l__tblr_row_vpace_dim=\dimen371
\l__tblr_vline_aboveskip_dim=\dimen372
\l__tblr_vline_belowskip_dim=\dimen373
\lTblrCellRowSpanInt=\count612
\lTblrCellColSpanInt=\count613
\l__tblr_cell_wd_dim=\dimen374
\l__tblr_cell_ht_dim=\dimen375
\lTblrCellAboveBorderWidthDim=\dimen376
\lTblrCellBelowBorderWidthDim=\dimen377
\lTblrCellLeftBorderWidthDim=\dimen378
\lTblrCellRightBorderWidthDim=\dimen379
\l__tblr_diag_box=\box114
\l__tblr_cell_inner_wd_dim=\dimen380
\l__tblr_cell_inner_dp_dim=\dimen381
\l__tblr_cell_hanchor_dim=\dimen382
\l__tblr_last_cell_table_ht_dim=\dimen383
\l__tblr_last_cell_table_dp_dim=\dimen384
\l__tblr_last_vline_wd_dim=\dimen385
\l__tblr_tikz_node_box=\box115
) (/usr/share/texmf-dist/tex/latex/tcolorbox/tcolorbox.sty
Package: tcolorbox 2025/11/28 version 6.9.0 text color boxes
(/usr/share/texmf-dist/tex/latex/tools/verbatim.sty
Package: verbatim 2024-01-22 v1.5x LaTeX2e package for verbatim enhancements
\every@verbatim=\toks61
\verbatim@line=\toks62
\verbatim@in@stream=\read5
) (/usr/share/texmf-dist/tex/latex/environ/environ.sty
Package: environ 2014/05/04 v0.3 A new way to define environments
(/usr/share/texmf-dist/tex/latex/trimspaces/trimspaces.sty
Package: trimspaces 2009/09/17 v1.1 Trim spaces around a token list
))
\tcb@titlebox=\box116
\tcb@upperbox=\box117
\tcb@lowerbox=\box118
\tcb@phantombox=\box119
\c@tcbbreakpart=\count614
\c@tcblayer=\count615
\c@tcolorbox@number=\count616
\l__tcobox_tmpa_box=\box120
\l__tcobox_tmpa_dim=\dimen386
\tcb@temp=\box121
\tcb@temp=\box122
\tcb@temp=\box123
\tcb@temp=\box124
) (/usr/share/texmf-dist/tex/latex/tcolorbox/tcbskins.code.tex
Library (tcolorbox): 'tcbskins.code.tex' version '6.9.0'
(/usr/share/texmf-dist/tex/latex/tikzfill/tikzfill.image.sty
Package: tikzfill.image 2023/08/08 v1.0.1 Image filling library for TikZ
(/usr/share/texmf-dist/tex/latex/tikzfill/tikzfill-common.sty
Package: tikzfill-common 2023/08/08 v1.0.1 Auxiliary code for tikzfill
) (/usr/share/texmf-dist/tex/latex/tikzfill/tikzlibraryfill.image.code.tex
File: tikzlibraryfill.image.code.tex 2023/08/08 v1.0.1 Image filling library
\l__tikzfill_img_box=\box125
)) (/usr/share/texmf-dist/tex/latex/tcolorbox/tcbskinsjigsaw.code.tex
Library (tcolorbox): 'tcbskinsjigsaw.code.tex' version '6.9.0'
)) (/usr/share/texmf-dist/tex/latex/cleveref/cleveref.sty
Package: cleveref 2018/03/27 v0.21.4 Intelligent cross-referencing
Package cleveref Info: `hyperref' support loaded on input line 2370.
LaTeX Info: Redefining \cref on input line 2370.
LaTeX Info: Redefining \Cref on input line 2370.
LaTeX Info: Redefining \crefrange on input line 2370.
LaTeX Info: Redefining \Crefrange on input line 2370.
LaTeX Info: Redefining \cpageref on input line 2370.
LaTeX Info: Redefining \Cpageref on input line 2370.
LaTeX Info: Redefining \cpagerefrange on input line 2370.
LaTeX Info: Redefining \Cpagerefrange on input line 2370.
LaTeX Info: Redefining \labelcref on input line 2370.
LaTeX Info: Redefining \labelcpageref on input line 2370.
Package cleveref Info: `listings' support loaded on input line 3131.
Package cleveref Info: always capitalise cross-reference names on input line 78
30.
Package cleveref Info: include cross-reference names in hyperlinks on input lin
e 7836.
Package cleveref Info: no abbreviation of names on input line 7852.
Package cleveref Info: always capitalise cross-reference names on input line 78
52.
Package cleveref Info: include cross-reference names in hyperlinks on input lin
e 7852.
)
==> First Aid for cleveref.sty applied!
(./csvtables.tex (/usr/share/texmf-dist/tex/latex/csvsimple/csvsimple-l3.sty
Package: csvsimple-l3 2024/09/27 v2.7.0 LaTeX3 CSV file processing
\g__csvsim_col_int=\count617
\g__csvsim_colmax_int=\count618
\g_csvsim_columncount_int=\count619
\g_csvsim_inputline_int=\count620
\g_csvsim_row_int=\count621
\l__csvsim_tmpa_int=\count622
\l__csvsim_tmpb_int=\count623
))
Class scrbook Info: loading recommended package `bookmark'.
(scrbook)           Using `bookmark' together with `hyperref' is recommended,
(scrbook)           because of handling of possible bookmark level gaps.
(scrbook)           You can avoid loading `bookmark' with KOMA-Script option
(scrbook)           `bookmarkpackage=false' before \begin{document} and
(scrbook)           you can avoid this message adding:
(scrbook)             \usepackage{bookmark}
(scrbook)           before \begin{document} on input line 192.
(/usr/share/texmf-dist/tex/latex/bookmark/bookmark.sty
Package: bookmark 2023-12-10 v1.31 PDF bookmarks (HO)
(/usr/share/texmf-dist/tex/latex/bookmark/bkm-pdftex.def
File: bkm-pdftex.def 2023-12-10 v1.31 bookmark driver for pdfTeX and luaTeX (HO
)
\BKM@id=\count624
))
Package csquotes Info: Checking for multilingual support...
Package csquotes Info: ... found 'babel' package.
Package csquotes Info: Adjusting default style.
Package csquotes Info: Redefining alias 'default' -> 'english'.
LaTeX Font Info:    Trying to load font information for T1+phv on input line 19
2.
(/usr/share/texmf-dist/tex/latex/psnfss/t1phv.fd
File: t1phv.fd 2020/03/25 scalable font definitions for T1/phv.
)
LaTeX Font Info:    Font shape `T1/phv/m/n' will be
(Font)              scaled to size 10.40245pt on input line 192.
(./main.aux)
\openout1 = `main.aux'.

LaTeX Font Info:    Checking defaults for OML/cmm/m/it on input line 192.
LaTeX Font Info:    ... okay on input line 192.
LaTeX Font Info:    Checking defaults for OMS/cmsy/m/n on input line 192.
LaTeX Font Info:    ... okay on input line 192.
LaTeX Font Info:    Checking defaults for OT1/cmr/m/n on input line 192.
LaTeX Font Info:    ... okay on input line 192.
LaTeX Font Info:    Checking defaults for T1/cmr/m/n on input line 192.
LaTeX Font Info:    ... okay on input line 192.
LaTeX Font Info:    Checking defaults for TS1/cmr/m/n on input line 192.
LaTeX Font Info:    ... okay on input line 192.
LaTeX Font Info:    Checking defaults for OMX/cmex/m/n on input line 192.
LaTeX Font Info:    ... okay on input line 192.
LaTeX Font Info:    Checking defaults for U/cmr/m/n on input line 192.
LaTeX Font Info:    ... okay on input line 192.
LaTeX Font Info:    Checking defaults for PD1/pdf/m/n on input line 192.
LaTeX Font Info:    ... okay on input line 192.
LaTeX Font Info:    Checking defaults for PU/pdf/m/n on input line 192.
LaTeX Font Info:    ... okay on input line 192.
Package scrbase Info: activating english \partname on input line 192.
Package scrbase Info: activating english \chaptername on input line 192.
Package scrbase Info: activating english \appendixname on input line 192.
Package scrbase Info: activating english \figurename on input line 192.
Package scrbase Info: activating english \tablename on input line 192.
Package scrbase Info: activating english \contentsname on input line 192.
Package scrbase Info: activating english \listfigurename on input line 192.
Package scrbase Info: activating english \listtablename on input line 192.
Package scrbase Info: activating english \bibname on input line 192.
Package scrbase Info: activating english \indexname on input line 192.
(/usr/share/texmf-dist/tex/context/base/mkii/supp-pdf.mkii
[Loading MPS to PDF converter (version 2006.09.02).]
\scratchcounter=\count625
\scratchdimen=\dimen387
\scratchbox=\box126
\nofMPsegments=\count626
\nofMParguments=\count627
\everyMPshowfont=\toks63
\MPscratchCnt=\count628
\MPscratchDim=\dimen388
\MPnumerator=\count629
\makeMPintoPDFobject=\count630
\everyMPtoPDFconversion=\toks64
) (/usr/share/texmf-dist/tex/latex/epstopdf-pkg/epstopdf-base.sty
Package: epstopdf-base 2020-01-24 v2.11 Base part for package epstopdf
Package epstopdf-base Info: Redefining graphics rule for `.eps' on input line 4
85.
(/usr/share/texmf-dist/tex/latex/latexconfig/epstopdf-sys.cfg
File: epstopdf-sys.cfg 2010/07/13 v1.3 Configuration of (r)epstopdf for TeX Liv
e
))
Package caption Info: Begin \AtBeginDocument code.
Package caption Info: float package is loaded.
Package caption Info: hyperref package is loaded.
Package caption Info: listings package is loaded.
Package caption Info: wrapfig package is loaded.
Package caption Info: End \AtBeginDocument code.
*geometry* driver: auto-detecting
*geometry* detected driver: pdftex
*geometry* verbose mode - [ preamble ] result:
* driver: pdftex
* paper: a4paper
* layout: <same size as paper>
* layoutoffset:(h,v)=(0.0pt,0.0pt)
* modes: twoside 
* h-part:(L,W,R)=(56.90549pt, 483.6969pt, 56.90549pt)
* v-part:(T,H,B)=(85.35823pt, 702.78313pt, 56.90549pt)
* \paperwidth=597.50787pt
* \paperheight=845.04684pt
* \textwidth=483.6969pt
* \textheight=702.78313pt
* \oddsidemargin=-15.3645pt
* \evensidemargin=-15.3645pt
* \topmargin=-43.81725pt
* \headheight=28.45274pt
* \headsep=28.45274pt
* \topskip=11.0pt
* \footskip=28.45274pt
* \marginparwidth=56.9055pt
* \marginparsep=0.0pt
* \columnsep=14.22636pt
* \skip\footins=10.0pt plus 4.0pt minus 2.0pt
* \hoffset=0.0pt
* \voffset=0.0pt
* \mag=1000
* \@twocolumnfalse
* \@twosidetrue
* \@mparswitchtrue
* \@reversemarginfalse
* (1in=72.27pt=25.4mm, 1cm=28.453pt)

Package hyperref Info: Link coloring OFF on input line 192.
Package biblatex Info: Trying to load language 'english'...
Package biblatex Info: ... file 'english.lbx' found.
(/usr/share/texmf-dist/tex/latex/biblatex/lbx/english.lbx
File: english.lbx 2025/07/10 v3.21 biblatex localization (PK/MW)
)
Package biblatex Info: Trying to load language 'ngerman'...
Package biblatex Info: ... file 'ngerman.lbx' found.
(/usr/share/texmf-dist/tex/latex/biblatex/lbx/ngerman.lbx
File: ngerman.lbx 2025/07/10 v3.21 biblatex localization (PK/MW)
Package biblatex Info: Trying to load language 'german'...
Package biblatex Info: ... file 'german.lbx' found.
(/usr/share/texmf-dist/tex/latex/biblatex/lbx/german.lbx
File: german.lbx 2025/07/10 v3.21 biblatex localization (PK/MW)
)
Package biblatex Info: Trying to load language 'german'...
Package biblatex Info: ... file 'german.lbx' found.
(/usr/share/texmf-dist/tex/latex/biblatex/lbx/german.lbx
File: german.lbx 2025/07/10 v3.21 biblatex localization (PK/MW)
))
Package biblatex Info: Input encoding 'utf8' detected.
Package biblatex Info: Automatic encoding selection.
(biblatex)             Assuming data encoding 'utf8'.
\openout4 = `main.bcf'.

Package biblatex Info: Trying to load bibliographic data...
Package biblatex Info: ... file 'main.bbl' found.
(./main.bbl)
Package biblatex Info: Reference section=0 on input line 192.
Package biblatex Info: Reference segment=0 on input line 192.

(/usr/share/texmf-dist/tex/latex/translations/translations-basic-dictionary-eng
lish.trsl
File: translations-basic-dictionary-english.trsl (english translation file `tra
nslations-basic-dictionary')
)
Package translations Info: loading dictionary `translations-basic-dictionary' f
or `english'. on input line 192.

(/usr/share/texmf-dist/tex/latex/translations/translations-basic-dictionary-ger
man.trsl
File: translations-basic-dictionary-german.trsl (german translation file `trans
lations-basic-dictionary')
)
Package translations Info: loading dictionary `translations-basic-dictionary' f
or `german'. on input line 192.
\c@lstlisting=\count631
Package tocbasic Info: setting babel extension for `lol' on input line 192.
\scr@dte@lstlisting@maxnumwidth=\skip109
LaTeX Info: Redefining \microtypecontext on input line 192.
Package microtype Info: Applying patch `item' on input line 192.
Package microtype Info: Applying patch `toc' on input line 192.
Package microtype Info: Applying patch `eqnum' on input line 192.
Package microtype Info: Applying patch `footnote' on input line 192.
Package microtype Info: Applying patch `verbatim' on input line 192.
LaTeX Info: Redefining \microtypesetup on input line 192.
Package microtype Info: Generating PDF output.
Package microtype Info: Character protrusion enabled (level 2).
Package microtype Info: Using default protrusion set `alltext'.
Package microtype Info: Automatic font expansion enabled (level 2),
(microtype)             stretch: 20, shrink: 20, step: 1, non-selected.
Package microtype Info: Using default expansion set `alltext-nott'.
Package microtype Info: Patching command `\showhyphens'.
Package microtype Info: No adjustment of tracking.
Package microtype Info: No adjustment of interword spacing.
Package microtype Info: No adjustment of character kerning.
Package microtype Info: Loading generic protrusion settings for font family
(microtype)             `phv' (encoding: T1).
(microtype)             For optimal results, create family-specific settings.
(microtype)             See the microtype manual for details.
*geometry* verbose mode - [ newgeometry ] result:
* driver: pdftex
* paper: a4paper
* layout: <same size as paper>
* layoutoffset:(h,v)=(0.0pt,0.0pt)
* modes: twoside 
* h-part:(L,W,R)=(28.45274pt, 540.60239pt, 28.45274pt)
* v-part:(T,H,B)=(85.35823pt, 731.23587pt, 28.45274pt)
* \paperwidth=597.50787pt
* \paperheight=845.04684pt
* \textwidth=540.60239pt
* \textheight=731.23587pt
* \oddsidemargin=-43.81725pt
* \evensidemargin=-43.81725pt
* \topmargin=-43.81725pt
* \headheight=28.45274pt
* \headsep=28.45274pt
* \topskip=11.0pt
* \footskip=0.0pt
* \marginparwidth=0.0pt
* \marginparsep=0.0pt
* \columnsep=14.22636pt
* \skip\footins=10.0pt plus 4.0pt minus 2.0pt
* \hoffset=0.0pt
* \voffset=0.0pt
* \mag=1000
* \@twocolumnfalse
* \@twosidetrue
* \@mparswitchtrue
* \@reversemarginfalse
* (1in=72.27pt=25.4mm, 1cm=28.453pt)

LaTeX Font Info:    Font shape `T1/phv/m/n' will be
(Font)              scaled to size 23.63593pt on input line 195.
LaTeX Font Info:    Font shape `T1/phv/b/n' will be
(Font)              scaled to size 23.63593pt on input line 195.
LaTeX Font Info:    Font shape `T1/phv/b/n' will be
(Font)              scaled to size 16.41594pt on input line 195.
LaTeX Font Info:    Font shape `T1/phv/m/n' will be
(Font)              scaled to size 16.41594pt on input line 195.
<resources/TUM_Tower.png, id=7, 303.534pt x 234.1548pt>
File: resources/TUM_Tower.png Graphic file (type png)
<use resources/TUM_Tower.png>
Package pdftex.def Info: resources/TUM_Tower.png  used on input line 195.
(pdftex.def)             Requested size: 270.3012pt x 208.51859pt.
[1{/var/lib/texmf/fonts/map/pdftex/updmap/pdftex.map}{/usr/share/texmf-dist/fon
ts/enc/dvips/base/8r.enc}




 <./tum/resources/TUM_Tower.png>] [2


]
*geometry* verbose mode - [ newgeometry ] result:
* driver: pdftex
* paper: a4paper
* layout: <same size as paper>
* layoutoffset:(h,v)=(0.0pt,0.0pt)
* modes: twoside 
* h-part:(L,W,R)=(56.90549pt, 483.6969pt, 56.90549pt)
* v-part:(T,H,B)=(85.35823pt, 702.78313pt, 56.90549pt)
* \paperwidth=597.50787pt
* \paperheight=845.04684pt
* \textwidth=483.6969pt
* \textheight=702.78313pt
* \oddsidemargin=-15.3645pt
* \evensidemargin=-15.3645pt
* \topmargin=-43.81725pt
* \headheight=28.45274pt
* \headsep=28.45274pt
* \topskip=11.0pt
* \footskip=28.45274pt
* \marginparwidth=0.0pt
* \marginparsep=0.0pt
* \columnsep=14.22636pt
* \skip\footins=10.0pt plus 4.0pt minus 2.0pt
* \hoffset=0.0pt
* \voffset=0.0pt
* \mag=1000
* \@twocolumnfalse
* \@twosidetrue
* \@mparswitchtrue
* \@reversemarginfalse
* (1in=72.27pt=25.4mm, 1cm=28.453pt)

LaTeX Font Info:    Font shape `T1/phv/m/n' will be
(Font)              scaled to size 13.67995pt on input line 195.
[3


] [4

]
LaTeX Font Info:    Font shape `T1/phv/b/n' will be
(Font)              scaled to size 10.40245pt on input line 195.
[5


] [6


] [7] [8


]
*geometry* verbose mode - [ newgeometry ] result:
* driver: pdftex
* paper: a4paper
* layout: <same size as paper>
* layoutoffset:(h,v)=(0.0pt,0.0pt)
* modes: twoside 
* h-part:(L,W,R)=(56.90549pt, 483.6969pt, 56.90549pt)
* v-part:(T,H,B)=(85.35823pt, 702.78313pt, 56.90549pt)
* \paperwidth=597.50787pt
* \paperheight=845.04684pt
* \textwidth=483.6969pt
* \textheight=702.78313pt
* \oddsidemargin=-15.3645pt
* \evensidemargin=-15.3645pt
* \topmargin=-43.81725pt
* \headheight=28.45274pt
* \headsep=28.45274pt
* \topskip=11.0pt
* \footskip=28.45274pt
* \marginparwidth=0.0pt
* \marginparsep=0.0pt
* \columnsep=14.22636pt
* \skip\footins=10.0pt plus 4.0pt minus 2.0pt
* \hoffset=0.0pt
* \voffset=0.0pt
* \mag=1000
* \@twocolumnfalse
* \@twosidetrue
* \@mparswitchtrue
* \@reversemarginfalse
* (1in=72.27pt=25.4mm, 1cm=28.453pt)

chapter without number
LaTeX Font Info:    Font shape `T1/phv/b/n' will be
(Font)              scaled to size 19.70294pt on input line 196.
(./chapters/00_abstract.tex
LaTeX Font Info:    Trying to load font information for OT1+lmr on input line 1
0.
(/usr/share/texmf-dist/tex/latex/lm/ot1lmr.fd
File: ot1lmr.fd 2015/05/01 v1.6.1 Font defs for Latin Modern
) (/usr/share/texmf-dist/tex/latex/microtype/mt-cmr.cfg
File: mt-cmr.cfg 2013/05/19 v2.2 microtype config. file: Computer Modern Roman 
(RS)
)
LaTeX Font Info:    Trying to load font information for OML+lmm on input line 1
0.
(/usr/share/texmf-dist/tex/latex/lm/omllmm.fd
File: omllmm.fd 2015/05/01 v1.6.1 Font defs for Latin Modern
)
LaTeX Font Info:    Trying to load font information for OMS+lmsy on input line 
10.
(/usr/share/texmf-dist/tex/latex/lm/omslmsy.fd
File: omslmsy.fd 2015/05/01 v1.6.1 Font defs for Latin Modern
)
LaTeX Font Info:    Trying to load font information for OMX+lmex on input line 
10.
(/usr/share/texmf-dist/tex/latex/lm/omxlmex.fd
File: omxlmex.fd 2015/05/01 v1.6.1 Font defs for Latin Modern
)
LaTeX Font Info:    External font `lmex10' loaded for size
(Font)              <10.95> on input line 10.
LaTeX Font Info:    External font `lmex10' loaded for size
(Font)              <8> on input line 10.
LaTeX Font Info:    External font `lmex10' loaded for size
(Font)              <6> on input line 10.
LaTeX Font Info:    Trying to load font information for U+msa on input line 10.

(/usr/share/texmf-dist/tex/latex/amsfonts/umsa.fd
File: umsa.fd 2013/01/14 v3.01 AMS symbols A
) (/usr/share/texmf-dist/tex/latex/microtype/mt-msa.cfg
File: mt-msa.cfg 2006/02/04 v1.1 microtype config. file: AMS symbols (a) (RS)
)
LaTeX Font Info:    Trying to load font information for U+msb on input line 10.

(/usr/share/texmf-dist/tex/latex/amsfonts/umsb.fd
File: umsb.fd 2013/01/14 v3.01 AMS symbols B
) (/usr/share/texmf-dist/tex/latex/microtype/mt-msb.cfg
File: mt-msb.cfg 2005/06/01 v1.0 microtype config. file: AMS symbols (b) (RS)
) (/usr/share/texmf-dist/tex/latex/microtype/mt-eur.cfg
File: mt-eur.cfg 2006/07/31 v1.1 microtype config. file: AMS Euler Roman (RS)
))
*geometry* verbose mode - [ newgeometry ] result:
* driver: pdftex
* paper: a4paper
* layout: <same size as paper>
* layoutoffset:(h,v)=(0.0pt,0.0pt)
* modes: twoside 
* h-part:(L,W,R)=(56.90549pt, 483.6969pt, 56.90549pt)
* v-part:(T,H,B)=(85.35823pt, 702.78313pt, 56.90549pt)
* \paperwidth=597.50787pt
* \paperheight=845.04684pt
* \textwidth=483.6969pt
* \textheight=702.78313pt
* \oddsidemargin=-15.3645pt
* \evensidemargin=-15.3645pt
* \topmargin=-43.81725pt
* \headheight=28.45274pt
* \headsep=28.45274pt
* \topskip=11.0pt
* \footskip=28.45274pt
* \marginparwidth=0.0pt
* \marginparsep=0.0pt
* \columnsep=14.22636pt
* \skip\footins=10.0pt plus 4.0pt minus 2.0pt
* \hoffset=0.0pt
* \voffset=0.0pt
* \mag=1000
* \@twocolumnfalse
* \@twosidetrue
* \@mparswitchtrue
* \@reversemarginfalse
* (1in=72.27pt=25.4mm, 1cm=28.453pt)

LaTeX Font Info:    Font shape `T1/phv/m/n' will be
(Font)              scaled to size 9.49997pt on input line 198.
[9




{/usr/share/texmf-dist/fonts/enc/dvips/lm/lm-rm.enc}{/usr/share/texmf-dist/font
s/enc/dvips/lm/lm-mathit.enc}] [10


]
Package tocbasic Info: character protrusion at toc deactivated on input line 19
8.
(./main.toc
Package cleveref Info: loaded `english' language definitions on input line 2.
*geometry* verbose mode - [ newgeometry ] result:
* driver: pdftex
* paper: a4paper
* layout: <same size as paper>
* layoutoffset:(h,v)=(0.0pt,0.0pt)
* modes: twoside 
* h-part:(L,W,R)=(56.90549pt, 483.6969pt, 56.90549pt)
* v-part:(T,H,B)=(85.35823pt, 702.78313pt, 56.90549pt)
* \paperwidth=597.50787pt
* \paperheight=845.04684pt
* \textwidth=483.6969pt
* \textheight=702.78313pt
* \oddsidemargin=-15.3645pt
* \evensidemargin=-15.3645pt
* \topmargin=-43.81725pt
* \headheight=28.45274pt
* \headsep=28.45274pt
* \topskip=11.0pt
* \footskip=28.45274pt
* \marginparwidth=0.0pt
* \marginparsep=0.0pt
* \columnsep=14.22636pt
* \skip\footins=10.0pt plus 4.0pt minus 2.0pt
* \hoffset=0.0pt
* \voffset=0.0pt
* \mag=1000
* \@twocolumnfalse
* \@twosidetrue
* \@mparswitchtrue
* \@reversemarginfalse
* (1in=72.27pt=25.4mm, 1cm=28.453pt)

[11

] [12]
Overfull \hbox (1.22725pt too wide) detected at line 188
 []\T1/phv/m/n/10.95 100
 []


Overfull \hbox (1.22725pt too wide) detected at line 189
 []\T1/phv/m/n/10.95 101
 []


Overfull \hbox (1.22725pt too wide) detected at line 190
 []\T1/phv/m/n/10.95 102
 []


Overfull \hbox (1.22725pt too wide) detected at line 191
 []\T1/phv/b/n/10.95 111
 []

)
\tf@toc=\write5
\openout5 = `main.toc'.

[13] [14


] (./chapters/01_intro.tex
chapter 1.
LaTeX Font Info:    Font shape `T1/phv/m/n' will be
(Font)              scaled to size 7.59998pt on input line 5.
LaTeX Font Info:    Font shape `T1/phv/m/n' will be
(Font)              scaled to size 8.54997pt on input line 5.
LaTeX Font Info:    External font `lmex10' loaded for size
(Font)              <9> on input line 5.
LaTeX Font Info:    External font `lmex10' loaded for size
(Font)              <5> on input line 5.
LaTeX Font Info:    Font shape `T1/phv/m/n' will be
(Font)              scaled to size 5.69998pt on input line 5.
LaTeX Font Info:    Trying to load font information for T1+newtxtt on input lin
e 5.
(/usr/share/texmf-dist/tex/latex/newtxtt/t1newtxtt.fd
File: t1newtxtt.fd 2020/02/15 Font definitions for T1/newtxtt.
)
LaTeX Font Info:    Font shape `T1/newtxtt/m/n' will be
(Font)              scaled to size 9.90005pt on input line 5.
Package microtype Info: Loading generic protrusion settings for font family
(microtype)             `newtxtt' (encoding: T1).
(microtype)             For optimal results, create family-specific settings.
(microtype)             See the microtype manual for details.
LaTeX Font Info:    Font shape `T1/phv/b/n' will be
(Font)              scaled to size 13.67995pt on input line 20.
*geometry* verbose mode - [ newgeometry ] result:
* driver: pdftex
* paper: a4paper
* layout: <same size as paper>
* layoutoffset:(h,v)=(0.0pt,0.0pt)
* modes: twoside 
* h-part:(L,W,R)=(56.90549pt, 483.6969pt, 56.90549pt)
* v-part:(T,H,B)=(85.35823pt, 702.78313pt, 56.90549pt)
* \paperwidth=597.50787pt
* \paperheight=845.04684pt
* \textwidth=483.6969pt
* \textheight=702.78313pt
* \oddsidemargin=-15.3645pt
* \evensidemargin=-15.3645pt
* \topmargin=-43.81725pt
* \headheight=28.45274pt
* \headsep=28.45274pt
* \topskip=11.0pt
* \footskip=28.45274pt
* \marginparwidth=0.0pt
* \marginparsep=0.0pt
* \columnsep=14.22636pt
* \skip\footins=10.0pt plus 4.0pt minus 2.0pt
* \hoffset=0.0pt
* \voffset=0.0pt
* \mag=1000
* \@twocolumnfalse
* \@twosidetrue
* \@mparswitchtrue
* \@reversemarginfalse
* (1in=72.27pt=25.4mm, 1cm=28.453pt)

[1



{/usr/share/texmf-dist/fonts/enc/dvips/lm/lm-mathsy.enc}{/usr/share/texmf-dist/
fonts/enc/dvips/newtxtt/txttAec.enc}]) (./chapters/02_related_work.tex [2]
chapter 2.
LaTeX Font Info:    Font shape `T1/newtxtt/m/n' will be
(Font)              scaled to size 12.04506pt on input line 20.
LaTeX Font Info:    Font shape `T1/phv/m/it' in size <10.95> not available
(Font)              Font shape `T1/phv/m/sl' tried instead on input line 25.
LaTeX Font Info:    Font shape `T1/phv/m/sl' will be
(Font)              scaled to size 10.40245pt on input line 25.

Underfull \hbox (badness 4254) in paragraph at lines 31--31
  [][][][]$\T1/newtxtt/m/n/9 https : / / docs . mapbox . com / mapbox-[]tiling-
[]service / guides / frequentlyaskedquestions/$[]\T1/phv/m/n/9 (+20) , last ac-
cessed
 []

*geometry* verbose mode - [ newgeometry ] result:
* driver: pdftex
* paper: a4paper
* layout: <same size as paper>
* layoutoffset:(h,v)=(0.0pt,0.0pt)
* modes: twoside 
* h-part:(L,W,R)=(56.90549pt, 483.6969pt, 56.90549pt)
* v-part:(T,H,B)=(85.35823pt, 702.78313pt, 56.90549pt)
* \paperwidth=597.50787pt
* \paperheight=845.04684pt
* \textwidth=483.6969pt
* \textheight=702.78313pt
* \oddsidemargin=-15.3645pt
* \evensidemargin=-15.3645pt
* \topmargin=-43.81725pt
* \headheight=28.45274pt
* \headsep=28.45274pt
* \topskip=11.0pt
* \footskip=28.45274pt
* \marginparwidth=0.0pt
* \marginparsep=0.0pt
* \columnsep=14.22636pt
* \skip\footins=10.0pt plus 4.0pt minus 2.0pt
* \hoffset=0.0pt
* \voffset=0.0pt
* \mag=1000
* \@twocolumnfalse
* \@twosidetrue
* \@mparswitchtrue
* \@reversemarginfalse
* (1in=72.27pt=25.4mm, 1cm=28.453pt)

[3



] [4]
Underfull \hbox (badness 2065) in paragraph at lines 102--106
[]\T1/phv/m/n/10.95 (+20) The MapLi-bre style spec-i-fi-ca-tion in-cludes the u
til-i-ties \T1/newtxtt/m/n/10.95 gl-style-validate \T1/phv/m/n/10.95 (+20) and 
\T1/newtxtt/m/n/10.95 gl-style
 []

[5] [6]) (./chapters/03_theory.tex [7] [8


]
chapter 3.
LaTeX Font Info:    Font shape `T1/phv/m/it' in size <8> not available
(Font)              Font shape `T1/phv/m/sl' tried instead on input line 58.
LaTeX Font Info:    Font shape `T1/phv/m/sl' will be
(Font)              scaled to size 7.59998pt on input line 58.
LaTeX Font Info:    Font shape `T1/phv/b/n' will be
(Font)              scaled to size 9.49997pt on input line 74.
*geometry* verbose mode - [ newgeometry ] result:
* driver: pdftex
* paper: a4paper
* layout: <same size as paper>
* layoutoffset:(h,v)=(0.0pt,0.0pt)
* modes: twoside 
* h-part:(L,W,R)=(56.90549pt, 483.6969pt, 56.90549pt)
* v-part:(T,H,B)=(85.35823pt, 702.78313pt, 56.90549pt)
* \paperwidth=597.50787pt
* \paperheight=845.04684pt
* \textwidth=483.6969pt
* \textheight=702.78313pt
* \oddsidemargin=-15.3645pt
* \evensidemargin=-15.3645pt
* \topmargin=-43.81725pt
* \headheight=28.45274pt
* \headsep=28.45274pt
* \topskip=11.0pt
* \footskip=28.45274pt
* \marginparwidth=0.0pt
* \marginparsep=0.0pt
* \columnsep=14.22636pt
* \skip\footins=10.0pt plus 4.0pt minus 2.0pt
* \hoffset=0.0pt
* \voffset=0.0pt
* \mag=1000
* \@twocolumnfalse
* \@twosidetrue
* \@mparswitchtrue
* \@reversemarginfalse
* (1in=72.27pt=25.4mm, 1cm=28.453pt)

[9

]
LaTeX Font Info:    Font shape `T1/phv/b/n' will be
(Font)              scaled to size 11.39996pt on input line 115.
[10]
LaTeX Font Info:    Font shape `T1/phv/b/n' will be
(Font)              scaled to size 7.59998pt on input line 155.
[11]
LaTeX Font Info:    Font shape `T1/newtxtt/m/n' will be
(Font)              scaled to size 11.00006pt on input line 164.

Overfull \hbox (17.32907pt too wide) in paragraph at lines 164--164
[]\T1/phv/b/n/10 (-20) Algorithm 3.1 |\T1/phv/m/n/10 (-20) Con-densed MapLi-bre
 GL-JS over-zoom im-ple-men-ta-tion (\T1/newtxtt/m/n/10 src/source/vector_tile_
overzoomed.ts\T1/phv/m/n/10 (-20) )| 
 []

LaTeX Font Info:    Font shape `T1/newtxtt/b/n' will be
(Font)              scaled to size 9.90005pt on input line 165.
LaTeX Font Info:    Font shape `T1/newtxtt/m/it' in size <9> not available
(Font)              Font shape `T1/newtxtt/m/sl' tried instead on input line 17
0.
LaTeX Font Info:    Font shape `T1/newtxtt/m/sl' will be
(Font)              scaled to size 9.90005pt on input line 170.
LaTeX Font Info:    Font shape `T1/newtxtt/m/n' will be
(Font)              scaled to size 8.80005pt on input line 176.
LaTeX Font Info:    Font shape `T1/newtxtt/b/n' will be
(Font)              scaled to size 8.80005pt on input line 176.
LaTeX Font Info:    Trying to load font information for TS1+phv on input line 2
12.
(/usr/share/texmf-dist/tex/latex/psnfss/ts1phv.fd
File: ts1phv.fd 2020/03/25 scalable font definitions for TS1/phv.
)
LaTeX Font Info:    Font shape `TS1/phv/m/n' will be
(Font)              scaled to size 10.40245pt on input line 212.
Package microtype Info: Loading generic protrusion settings for font family
(microtype)             `phv' (encoding: TS1).
(microtype)             For optimal results, create family-specific settings.
(microtype)             See the microtype manual for details.
[12

] [13]

LaTeX Warning: Reference `lst:ishidden_usage' on page 1 undefined on input line
 282.


Overfull \hbox (81.24127pt too wide) in paragraph at lines 282--283
[][] \T1/phv/m/n/10.95 (-20) re-pro-duces the two call-sites that es-tab-lish t
hose two stages: the worker calls \T1/newtxtt/m/n/10.95 layer.isHidden(this.zoo
m,
 []

[14]
Underfull \vbox (badness 5490) has occurred while \output is active []

[15] [16] [17]
Underfull \vbox (badness 2608) has occurred while \output is active []

[18]
Overfull \hbox (10.77281pt too wide) in paragraph at lines 540--543
[]\T1/phv/m/n/10.95 (-20) replaces each value with the dif-fer-ence from its pr
e-de-ces-sor: given a se-quence $\OML/lmm/m/it/10.95 v[]; v[]; [] ; v[]$\T1/phv
/m/n/10.95 (-20) ,
 []

[19] [20] [21{/usr/share/texmf-dist/fonts/enc/dvips/lm/lm-mathex.enc}]) (./chap
ters/04_methods.tex [22] [23] [24


]
chapter 4.
*geometry* verbose mode - [ newgeometry ] result:
* driver: pdftex
* paper: a4paper
* layout: <same size as paper>
* layoutoffset:(h,v)=(0.0pt,0.0pt)
* modes: twoside 
* h-part:(L,W,R)=(56.90549pt, 483.6969pt, 56.90549pt)
* v-part:(T,H,B)=(85.35823pt, 702.78313pt, 56.90549pt)
* \paperwidth=597.50787pt
* \paperheight=845.04684pt
* \textwidth=483.6969pt
* \textheight=702.78313pt
* \oddsidemargin=-15.3645pt
* \evensidemargin=-15.3645pt
* \topmargin=-43.81725pt
* \headheight=28.45274pt
* \headsep=28.45274pt
* \topskip=11.0pt
* \footskip=28.45274pt
* \marginparwidth=0.0pt
* \marginparsep=0.0pt
* \columnsep=14.22636pt
* \skip\footins=10.0pt plus 4.0pt minus 2.0pt
* \hoffset=0.0pt
* \voffset=0.0pt
* \mag=1000
* \@twocolumnfalse
* \@twosidetrue
* \@mparswitchtrue
* \@reversemarginfalse
* (1in=72.27pt=25.4mm, 1cm=28.453pt)

[25

]
LaTeX Font Info:    Font shape `T1/phv/b/it' in size <10.95> not available
(Font)              Font shape `T1/phv/b/sl' tried instead on input line 64.
LaTeX Font Info:    Font shape `T1/phv/b/sl' will be
(Font)              scaled to size 10.40245pt on input line 64.
[26]
LaTeX Font Info:    Font shape `T1/phv/m/it' in size <10> not available
(Font)              Font shape `T1/phv/m/sl' tried instead on input line 164.
LaTeX Font Info:    Font shape `T1/phv/m/sl' will be
(Font)              scaled to size 9.49997pt on input line 164.
[27]
Underfull \vbox (badness 1590) has occurred while \output is active []

[28]
LaTeX Font Info:    External font `lmex10' loaded for size
(Font)              <10> on input line 225.
LaTeX Font Info:    External font `lmex10' loaded for size
(Font)              <7> on input line 225.

Underfull \hbox (badness 1546) in paragraph at lines 225--225
[]\T1/phv/m/n/10 (+20) De Mor-gan's laws, boolean flat-ten-ing, co-a-lesce flat
-ten-ing,
 []


Underfull \hbox (badness 1546) in paragraph at lines 225--225
[]\T1/phv/m/n/10 (+20) De Mor-gan's laws, boolean flat-ten-ing, co-a-lesce flat
-ten-ing,
 []

[29]
Overfull \hbox (31.39285pt too wide) in paragraph at lines 280--281
[]\T1/phv/m/n/10.95 (-20) if a source layer con-tains only one ge-om-e-try type
, com-par-isons against []\T1/newtxtt/m/n/10.95 geometry-type[]
 []

LaTeX Font Info:    Trying to load font information for OT1+lmtt on input line 
285.
(/usr/share/texmf-dist/tex/latex/lm/ot1lmtt.fd
File: ot1lmtt.fd 2015/05/01 v1.6.1 Font defs for Latin Modern
)
Package microtype Info: Loading generic protrusion settings for font family
(microtype)             `lmtt' (encoding: OT1).
(microtype)             For optimal results, create family-specific settings.
(microtype)             See the microtype manual for details.

Underfull \vbox (badness 3907) has occurred while \output is active []

[30] [31{/usr/share/texmf-dist/fonts/enc/dvips/lm/lm-rmtt.enc}] [32]
LaTeX Font Info:    External font `lmex10' loaded for size
(Font)              <24.88> on input line 431.
LaTeX Font Info:    External font `lmex10' loaded for size
(Font)              <20.74> on input line 431.
LaTeX Font Info:    External font `lmex10' loaded for size
(Font)              <17.28> on input line 431.
[33] [34]
Underfull \hbox (badness 5374) in paragraph at lines 638--638
[]\T1/phv/m/n/10 (+20) Remove empty []\T1/newtxtt/m/n/10 paint[]\T1/phv/m/n/10 
(+20) /[]\T1/newtxtt/m/n/10 layout[] \T1/phv/m/n/10 (+20) sec-tions, in-vis-i-b
le lay-ers
 []


Underfull \hbox (badness 5374) in paragraph at lines 638--638
[]\T1/phv/m/n/10 (+20) Remove empty []\T1/newtxtt/m/n/10 paint[]\T1/phv/m/n/10 
(+20) /[]\T1/newtxtt/m/n/10 layout[] \T1/phv/m/n/10 (+20) sec-tions, in-vis-i-b
le lay-ers
 []

[35

]
LaTeX Font Info:    Font shape `T1/newtxtt/b/n' will be
(Font)              scaled to size 12.04506pt on input line 693.
[36] [37]
Underfull \vbox (badness 10000) has occurred while \output is active []

[38]
Underfull \hbox (badness 10000) in paragraph at lines 854--854
[]\T1/phv/m/n/10 (+20) Compression op-ti-miza-
 []


Underfull \hbox (badness 10000) in paragraph at lines 854--854
[]\T1/phv/m/n/10 (+20) Compression op-ti-miza-
 []

[39]
Overfull \hbox (29.72618pt too wide) in paragraph at lines 884--886
[]\T1/phv/m/n/10.95 (-20) for each prop-erty name ap-pear-ing in a \T1/newtxtt/
m/n/10.95 [[]"get"[], ...] \T1/phv/m/n/10.95 (-20) or \T1/newtxtt/m/n/10.95 [[]
"has"[], ...]
 []

[40] [41]
Overfull \hbox (27.37965pt too wide) in paragraph at lines 1025--1026
 [][] 
 []

LaTeX Font Info:    Font shape `T1/newtxtt/m/it' in size <8> not available
(Font)              Font shape `T1/newtxtt/m/sl' tried instead on input line 11
36.
LaTeX Font Info:    Font shape `T1/newtxtt/m/sl' will be
(Font)              scaled to size 8.80005pt on input line 1136.
[42] [43]
LaTeX Font Info:    Font shape `T1/phv/m/n' will be
(Font)              scaled to size 4.74998pt on input line 1295.
[44] [45] [46] [47] [48]) (./chapters/05_experiments.tex
Underfull \vbox (badness 3323) has occurred while \output is active []

[49] [50]
chapter 5.
LaTeX Font Info:    Font shape `TS1/phv/m/n' will be
(Font)              scaled to size 9.49997pt on input line 31.
*geometry* verbose mode - [ newgeometry ] result:
* driver: pdftex
* paper: a4paper
* layout: <same size as paper>
* layoutoffset:(h,v)=(0.0pt,0.0pt)
* modes: twoside 
* h-part:(L,W,R)=(56.90549pt, 483.6969pt, 56.90549pt)
* v-part:(T,H,B)=(85.35823pt, 702.78313pt, 56.90549pt)
* \paperwidth=597.50787pt
* \paperheight=845.04684pt
* \textwidth=483.6969pt
* \textheight=702.78313pt
* \oddsidemargin=-15.3645pt
* \evensidemargin=-15.3645pt
* \topmargin=-43.81725pt
* \headheight=28.45274pt
* \headsep=28.45274pt
* \topskip=11.0pt
* \footskip=28.45274pt
* \marginparwidth=0.0pt
* \marginparsep=0.0pt
* \columnsep=14.22636pt
* \skip\footins=10.0pt plus 4.0pt minus 2.0pt
* \hoffset=0.0pt
* \voffset=0.0pt
* \mag=1000
* \@twocolumnfalse
* \@twosidetrue
* \@mparswitchtrue
* \@reversemarginfalse
* (1in=72.27pt=25.4mm, 1cm=28.453pt)

[51



]
<figures/waterfall_loadMs.pdf, id=1305, 1053.9375pt x 677.65169pt>
File: figures/waterfall_loadMs.pdf Graphic file (type pdf)
<use figures/waterfall_loadMs.pdf>
Package pdftex.def Info: figures/waterfall_loadMs.pdf  used on input line 63.
(pdftex.def)             Requested size: 483.6969pt x 311.01009pt.
<figures/marginal_loadMs.pdf, id=1308, 1053.9375pt x 677.65169pt>
File: figures/marginal_loadMs.pdf Graphic file (type pdf)
<use figures/marginal_loadMs.pdf>
Package pdftex.def Info: figures/marginal_loadMs.pdf  used on input line 70.
(pdftex.def)             Requested size: 483.6969pt x 311.01009pt.
<figures/marginal_styleParseMs.pdf, id=1309, 2107.875pt x 1053.9375pt>
File: figures/marginal_styleParseMs.pdf Graphic file (type pdf)
<use figures/marginal_styleParseMs.pdf>
Package pdftex.def Info: figures/marginal_styleParseMs.pdf  used on input line 
77.
(pdftex.def)             Requested size: 483.6969pt x 241.83766pt.

Underfull \vbox (badness 10000) has occurred while \output is active []

[52 <./figures/waterfall_loadMs.pdf>] [53 <./figures/marginal_loadMs.pdf> <./fi
gures/marginal_styleParseMs.pdf>] [54]
<figures/complexity_layer_count.pdf, id=1460, 2107.875pt x 527.08919pt>
File: figures/complexity_layer_count.pdf Graphic file (type pdf)
<use figures/complexity_layer_count.pdf>
Package pdftex.def Info: figures/complexity_layer_count.pdf  used on input line
 145.
(pdftex.def)             Requested size: 483.6969pt x 120.94646pt.
<figures/complexity_total_expression_nodes.pdf, id=1461, 2107.875pt x 1053.9375
pt>
File: figures/complexity_total_expression_nodes.pdf Graphic file (type pdf)
<use figures/complexity_total_expression_nodes.pdf>
Package pdftex.def Info: figures/complexity_total_expression_nodes.pdf  used on
 input line 152.
(pdftex.def)             Requested size: 483.6969pt x 241.83766pt.
<figures/complexity_filter_count.pdf, id=1462, 2107.875pt x 1053.9375pt>
File: figures/complexity_filter_count.pdf Graphic file (type pdf)
<use figures/complexity_filter_count.pdf>
Package pdftex.def Info: figures/complexity_filter_count.pdf  used on input lin
e 159.
(pdftex.def)             Requested size: 483.6969pt x 241.83766pt.
<figures/style_size_ablation.pdf, id=1463, 2107.875pt x 527.08919pt>
File: figures/style_size_ablation.pdf Graphic file (type pdf)
<use figures/style_size_ablation.pdf>
Package pdftex.def Info: figures/style_size_ablation.pdf  used on input line 16
6.
(pdftex.def)             Requested size: 483.6969pt x 120.94646pt.
[55 <./figures/complexity_layer_count.pdf>] [56 <./figures/complexity_total_exp
ression_nodes.pdf> <./figures/complexity_filter_count.pdf>] [57 <./figures/styl
e_size_ablation.pdf>] [58] [59]
<figures/rendering_metrics_mlt.pdf, id=1622, 1355.0625pt x 1279.90169pt>
File: figures/rendering_metrics_mlt.pdf Graphic file (type pdf)
<use figures/rendering_metrics_mlt.pdf>
Package pdftex.def Info: figures/rendering_metrics_mlt.pdf  used on input line 
291.
(pdftex.def)             Requested size: 435.32425pt x 411.17834pt.

Underfull \vbox (badness 10000) has occurred while \output is active []

[60]
<figures/shaving_effectiveness_per_zoom.pdf, id=1631, 1053.9375pt x 677.65169pt
>
File: figures/shaving_effectiveness_per_zoom.pdf Graphic file (type pdf)
<use figures/shaving_effectiveness_per_zoom.pdf>
Package pdftex.def Info: figures/shaving_effectiveness_per_zoom.pdf  used on in
put line 307.
(pdftex.def)             Requested size: 435.32425pt x 279.90701pt.

Underfull \vbox (badness 4595) has occurred while \output is active []

[61 <./figures/rendering_metrics_mlt.pdf>]
<figures/encoder_comparison_per_zoom.pdf, id=1690, 1053.9375pt x 1084.05pt>
File: figures/encoder_comparison_per_zoom.pdf Graphic file (type pdf)
<use figures/encoder_comparison_per_zoom.pdf>
Package pdftex.def Info: figures/encoder_comparison_per_zoom.pdf  used on input
 line 324.
(pdftex.def)             Requested size: 459.51057pt x 472.64967pt.
[62 <./figures/shaving_effectiveness_per_zoom.pdf>] [63 <./figures/encoder_comp
arison_per_zoom.pdf>] [64]
<figures/tile_shave_per_style.pdf, id=2507, 1053.9375pt x 602.25pt>
File: figures/tile_shave_per_style.pdf Graphic file (type pdf)
<use figures/tile_shave_per_style.pdf>
Package pdftex.def Info: figures/tile_shave_per_style.pdf  used on input line 4
37.
(pdftex.def)             Requested size: 386.95898pt x 221.11974pt.
[65] [66 <./figures/tile_shave_per_style.pdf>] [67]
<figures/cross_style_reduction.pdf, id=2554, 2107.875pt x 1053.9375pt>
File: figures/cross_style_reduction.pdf Graphic file (type pdf)
<use figures/cross_style_reduction.pdf>
Package pdftex.def Info: figures/cross_style_reduction.pdf  used on input line 
508.
(pdftex.def)             Requested size: 483.6969pt x 241.83766pt.
<figures/cross_style_complexity_scatter.pdf, id=2555, 2107.875pt x 1053.9375pt>

File: figures/cross_style_complexity_scatter.pdf Graphic file (type pdf)
<use figures/cross_style_complexity_scatter.pdf>
Package pdftex.def Info: figures/cross_style_complexity_scatter.pdf  used on in
put line 515.
(pdftex.def)             Requested size: 483.6969pt x 241.83766pt.
[68 <./figures/cross_style_reduction.pdf>] [69 <./figures/cross_style_complexit
y_scatter.pdf>]
<figures/heatmap_loadMs.pdf, id=2679, 2107.875pt x 2740.2375pt>
File: figures/heatmap_loadMs.pdf Graphic file (type pdf)
<use figures/heatmap_loadMs.pdf>
Package pdftex.def Info: figures/heatmap_loadMs.pdf  used on input line 586.
(pdftex.def)             Requested size: 486.53789pt x 632.50052pt.

Overfull \hbox (2.84099pt too wide) in paragraph at lines 586--587
 [][] 
 []

<figures/heatmap_fps.pdf, id=2680, 2107.875pt x 2740.2375pt>
File: figures/heatmap_fps.pdf Graphic file (type pdf)
<use figures/heatmap_fps.pdf>
Package pdftex.def Info: figures/heatmap_fps.pdf  used on input line 593.
(pdftex.def)             Requested size: 486.53789pt x 632.50052pt.

Overfull \hbox (2.84099pt too wide) in paragraph at lines 593--594
 [][] 
 []

<figures/heatmap_jankCount.pdf, id=2683, 2107.875pt x 2740.2375pt>
File: figures/heatmap_jankCount.pdf Graphic file (type pdf)
<use figures/heatmap_jankCount.pdf>
Package pdftex.def Info: figures/heatmap_jankCount.pdf  used on input line 600.

(pdftex.def)             Requested size: 486.53789pt x 632.50052pt.

Overfull \hbox (2.84099pt too wide) in paragraph at lines 600--601
 [][] 
 []

<figures/time_breakdown.pdf, id=2686, 2107.875pt x 527.08919pt>
File: figures/time_breakdown.pdf Graphic file (type pdf)
<use figures/time_breakdown.pdf>
Package pdftex.def Info: figures/time_breakdown.pdf  used on input line 611.
(pdftex.def)             Requested size: 483.6969pt x 120.94646pt.
<figures/memory_ablation.pdf, id=2687, 2107.875pt x 527.08919pt>
File: figures/memory_ablation.pdf Graphic file (type pdf)
<use figures/memory_ablation.pdf>
Package pdftex.def Info: figures/memory_ablation.pdf  used on input line 618.
(pdftex.def)             Requested size: 483.6969pt x 120.94646pt.
LaTeX Font Info:    Font shape `T1/phv/m/n' will be
(Font)              scaled to size 6.64998pt on input line 663.
[70] [71 <./figures/heatmap_loadMs.pdf>] [72 <./figures/heatmap_fps.pdf>] [73 <
./figures/heatmap_jankCount.pdf>] [74 <./figures/time_breakdown.pdf> <./figures
/memory_ablation.pdf>] [75]
Underfull \vbox (badness 2088) has occurred while \output is active []

[76] [77] [78]) (./chapters/06_conclusion.tex [79] [80


]
chapter 6.
*geometry* verbose mode - [ newgeometry ] result:
* driver: pdftex
* paper: a4paper
* layout: <same size as paper>
* layoutoffset:(h,v)=(0.0pt,0.0pt)
* modes: twoside 
* h-part:(L,W,R)=(56.90549pt, 483.6969pt, 56.90549pt)
* v-part:(T,H,B)=(85.35823pt, 702.78313pt, 56.90549pt)
* \paperwidth=597.50787pt
* \paperheight=845.04684pt
* \textwidth=483.6969pt
* \textheight=702.78313pt
* \oddsidemargin=-15.3645pt
* \evensidemargin=-15.3645pt
* \topmargin=-43.81725pt
* \headheight=28.45274pt
* \headsep=28.45274pt
* \topskip=11.0pt
* \footskip=28.45274pt
* \marginparwidth=0.0pt
* \marginparsep=0.0pt
* \columnsep=14.22636pt
* \skip\footins=10.0pt plus 4.0pt minus 2.0pt
* \hoffset=0.0pt
* \voffset=0.0pt
* \mag=1000
* \@twocolumnfalse
* \@twosidetrue
* \@mparswitchtrue
* \@reversemarginfalse
* (1in=72.27pt=25.4mm, 1cm=28.453pt)

[81

] [82] [83]) [84] (./chapters/99_apendix.tex
chapter without number

Underfull \hbox (badness 1142) in paragraph at lines 80--80
[]\T1/phv/m/n/10.95 (+20) Negate com-par-i-son: \T1/newtxtt/m/n/10.95 [[]"!"[],
[[]op[],a,b]] $\OMS/lmsy/m/n/10.95 !$ \T1/newtxtt/m/n/10.95 [[]neg(op)[],a,b]
 []


Underfull \hbox (badness 10000) in paragraph at lines 80--80
[]\T1/phv/m/n/10.95 (+20) Boolean ab-sorp-tion: \T1/newtxtt/m/n/10.95 [[]"all"[
],A,[[]"any"[],A,...]] $\OMS/lmsy/m/n/10.95 !$
 []


Underfull \hbox (badness 10000) in paragraph at lines 80--80
\T1/newtxtt/m/n/10.95 [[]"any"[],[[]"all"[],A,B],[[]"all"[],A,C]] $\OMS/lmsy/m/
n/10.95 !$
 []


Underfull \hbox (badness 10000) in paragraph at lines 80--80
[]\T1/phv/m/n/10.95 (+20) De Mor-gan's laws: \T1/newtxtt/m/n/10.95 [[]"!"[],[[]
"any"[],A,B]] $\OMS/lmsy/m/n/10.95 !$
 []


Underfull \hbox (badness 1142) in paragraph at lines 80--80
[]\T1/phv/m/n/10.95 (+20) Negate com-par-i-son: \T1/newtxtt/m/n/10.95 [[]"!"[],
[[]op[],a,b]] $\OMS/lmsy/m/n/10.95 !$ \T1/newtxtt/m/n/10.95 [[]neg(op)[],a,b]
 []


Underfull \hbox (badness 10000) in paragraph at lines 80--80
[]\T1/phv/m/n/10.95 (+20) Boolean ab-sorp-tion: \T1/newtxtt/m/n/10.95 [[]"all"[
],A,[[]"any"[],A,...]] $\OMS/lmsy/m/n/10.95 !$
 []

*geometry* verbose mode - [ newgeometry ] result:
* driver: pdftex
* paper: a4paper
* layout: <same size as paper>
* layoutoffset:(h,v)=(0.0pt,0.0pt)
* modes: twoside 
* h-part:(L,W,R)=(56.90549pt, 483.6969pt, 56.90549pt)
* v-part:(T,H,B)=(85.35823pt, 702.78313pt, 56.90549pt)
* \paperwidth=597.50787pt
* \paperheight=845.04684pt
* \textwidth=483.6969pt
* \textheight=702.78313pt
* \oddsidemargin=-15.3645pt
* \evensidemargin=-15.3645pt
* \topmargin=-43.81725pt
* \headheight=28.45274pt
* \headsep=28.45274pt
* \topskip=11.0pt
* \footskip=28.45274pt
* \marginparwidth=0.0pt
* \marginparsep=0.0pt
* \columnsep=14.22636pt
* \skip\footins=10.0pt plus 4.0pt minus 2.0pt
* \hoffset=0.0pt
* \voffset=0.0pt
* \mag=1000
* \@twocolumnfalse
* \@twosidetrue
* \@mparswitchtrue
* \@reversemarginfalse
* (1in=72.27pt=25.4mm, 1cm=28.453pt)

[85





]
Underfull \hbox (badness 10000) in paragraph at lines 80--80
\T1/newtxtt/m/n/10.95 [[]"any"[],[[]"all"[],A,B],[[]"all"[],A,C]] $\OMS/lmsy/m/
n/10.95 !$
 []


Underfull \hbox (badness 10000) in paragraph at lines 80--80
[]\T1/phv/m/n/10.95 (+20) De Mor-gan's laws: \T1/newtxtt/m/n/10.95 [[]"!"[],[[]
"any"[],A,B]] $\OMS/lmsy/m/n/10.95 !$
 []

[86]
Underfull \hbox (badness 10000) in paragraph at lines 146--146
[]\T1/phv/b/n/10 (+20) Algorithm A3 |\T1/phv/m/n/10 (+20) MapLi-bre GL-JS bucke
t pop-u-late method show-ing filter-first eval-u-a-tion
 []

[87

] [88]
LaTeX Font Info:    Font shape `T1/phv/m/n' will be
(Font)              scaled to size 2.84999pt on input line 253.
LaTeX Font Info:    Font shape `T1/phv/b/n' will be
(Font)              scaled to size 8.54997pt on input line 254.

Underfull \hbox (badness 1281) in paragraph at lines 254--254
\T1/phv/m/n/9 (+20) layer-visibility changes along-side tile
 []

[89

] [90

] [91] [92] [93] [94] [95] [96] [97] [98]
Underfull \hbox (badness 2435) in paragraph at lines 601--602
[]|$\OT1/lmr/m/n/10.95 (+20) 46$$[]$ \T1/phv/m/n/10.95 (+20) us-able (3$\OMS/lm
sy/m/n/10.95 ^^B$$\OT1/lmr/m/n/10.95 (+20) 16$$[]$ \T1/phv/m/n/10.95 (+20) DDR4
-3200 UDIMM, 1.2V; con-fig-ured at
 []


Overfull \hbox (46.4077pt too wide) in paragraph at lines 659--672
\T1/phv/m/n/10.95 (-20) Used chrome launch flags are \T1/newtxtt/m/n/10.95 --en
able-gpu\T1/phv/m/n/10.95 (-20) ,\T1/newtxtt/m/n/10.95 --ignore-gpu-blocklist\T
1/phv/m/n/10.95 (-20) , \T1/newtxtt/m/n/10.95 --enable-unsafe-swiftshader\T1/ph
v/m/n/10.95 (-20) ,
 []


Overfull \hbox (55.79343pt too wide) in paragraph at lines 659--672
\T1/newtxtt/m/n/10.95 --use-angle=vulkan\T1/phv/m/n/10.95 (-20) , \T1/newtxtt/m
/n/10.95 --enable-features=Vulkan,UseSkiaRenderer\T1/phv/m/n/10.95 (-20) , \T1/
newtxtt/m/n/10.95 --disable-frame-rate-limit\T1/phv/m/n/10.95 (-20) ,
 []


Overfull \hbox (98.7745pt too wide) in paragraph at lines 659--672
\T1/newtxtt/m/n/10.95 --enable-webgl\T1/phv/m/n/10.95 (-20) , \T1/newtxtt/m/n/1
0.95 --disable-gpu-vsync\T1/phv/m/n/10.95 (-20) , \T1/newtxtt/m/n/10.95 --rende
rer-process-limit=8\T1/phv/m/n/10.95 (-20) , \T1/newtxtt/m/n/10.95 --disable-ba
ckground-networking\T1/phv/m/n/10.95 (-20) ,
 []


Overfull \hbox (22.28159pt too wide) in paragraph at lines 659--672
\T1/newtxtt/m/n/10.95 --disable-background-timer-throttling \T1/phv/m/n/10.95 (
-20) and \T1/newtxtt/m/n/10.95 --disable-backgrounding-occluded-windows\T1/phv/
m/n/10.95 (-20) .
 []

[99

] [100] [101

]
<figures/minhash_sweep.pdf, id=3342, 1053.9375pt x 677.65169pt>
File: figures/minhash_sweep.pdf Graphic file (type pdf)
<use figures/minhash_sweep.pdf>
Package pdftex.def Info: figures/minhash_sweep.pdf  used on input line 737.
(pdftex.def)             Requested size: 386.95898pt x 248.80394pt.
) [102

 <./figures/minhash_sweep.pdf>]
*geometry* verbose mode - [ newgeometry ] result:
* driver: pdftex
* paper: a4paper
* layout: <same size as paper>
* layoutoffset:(h,v)=(0.0pt,0.0pt)
* modes: twoside 
* h-part:(L,W,R)=(56.90549pt, 483.6969pt, 56.90549pt)
* v-part:(T,H,B)=(85.35823pt, 702.78313pt, 56.90549pt)
* \paperwidth=597.50787pt
* \paperheight=845.04684pt
* \textwidth=483.6969pt
* \textheight=702.78313pt
* \oddsidemargin=-15.3645pt
* \evensidemargin=-15.3645pt
* \topmargin=-43.81725pt
* \headheight=28.45274pt
* \headsep=28.45274pt
* \topskip=11.0pt
* \footskip=28.45274pt
* \marginparwidth=0.0pt
* \marginparsep=0.0pt
* \columnsep=14.22636pt
* \skip\footins=10.0pt plus 4.0pt minus 2.0pt
* \hoffset=0.0pt
* \voffset=0.0pt
* \mag=1000
* \@twocolumnfalse
* \@twosidetrue
* \@mparswitchtrue
* \@reversemarginfalse
* (1in=72.27pt=25.4mm, 1cm=28.453pt)

[103



] [104]
Package tocbasic Info: character protrusion at lof deactivated on input line 21
3.
(./main.lof
Package cleveref Info: loaded `english' language definitions on input line 2.
*geometry* verbose mode - [ newgeometry ] result:
* driver: pdftex
* paper: a4paper
* layout: <same size as paper>
* layoutoffset:(h,v)=(0.0pt,0.0pt)
* modes: twoside 
* h-part:(L,W,R)=(56.90549pt, 483.6969pt, 56.90549pt)
* v-part:(T,H,B)=(85.35823pt, 702.78313pt, 56.90549pt)
* \paperwidth=597.50787pt
* \paperheight=845.04684pt
* \textwidth=483.6969pt
* \textheight=702.78313pt
* \oddsidemargin=-15.3645pt
* \evensidemargin=-15.3645pt
* \topmargin=-43.81725pt
* \headheight=28.45274pt
* \headsep=28.45274pt
* \topskip=11.0pt
* \footskip=28.45274pt
* \marginparwidth=0.0pt
* \marginparsep=0.0pt
* \columnsep=14.22636pt
* \skip\footins=10.0pt plus 4.0pt minus 2.0pt
* \hoffset=0.0pt
* \voffset=0.0pt
* \mag=1000
* \@twocolumnfalse
* \@twosidetrue
* \@mparswitchtrue
* \@reversemarginfalse
* (1in=72.27pt=25.4mm, 1cm=28.453pt)

[105



]
Underfull \vbox (badness 10000) has occurred while \output is active []

[106]
Overfull \hbox (1.22725pt too wide) detected at line 39
 []\T1/phv/m/n/10.95 102
 []

)
\tf@lof=\write6
\openout6 = `main.lof'.

[107] [108


]
Package tocbasic Info: character protrusion at lot deactivated on input line 21
4.
(./main.lot
Package cleveref Info: loaded `english' language definitions on input line 2.
*geometry* verbose mode - [ newgeometry ] result:
* driver: pdftex
* paper: a4paper
* layout: <same size as paper>
* layoutoffset:(h,v)=(0.0pt,0.0pt)
* modes: twoside 
* h-part:(L,W,R)=(56.90549pt, 483.6969pt, 56.90549pt)
* v-part:(T,H,B)=(85.35823pt, 702.78313pt, 56.90549pt)
* \paperwidth=597.50787pt
* \paperheight=845.04684pt
* \textwidth=483.6969pt
* \textheight=702.78313pt
* \oddsidemargin=-15.3645pt
* \evensidemargin=-15.3645pt
* \topmargin=-43.81725pt
* \headheight=28.45274pt
* \headsep=28.45274pt
* \topskip=11.0pt
* \footskip=28.45274pt
* \marginparwidth=0.0pt
* \marginparsep=0.0pt
* \columnsep=14.22636pt
* \skip\footins=10.0pt plus 4.0pt minus 2.0pt
* \hoffset=0.0pt
* \voffset=0.0pt
* \mag=1000
* \@twocolumnfalse
* \@twosidetrue
* \@mparswitchtrue
* \@reversemarginfalse
* (1in=72.27pt=25.4mm, 1cm=28.453pt)

[109

]
Overfull \hbox (1.22725pt too wide) detected at line 40
 []\T1/phv/m/n/10.95 100
 []


Overfull \hbox (1.22725pt too wide) detected at line 41
 []\T1/phv/m/n/10.95 101
 []

)
\tf@lot=\write7
\openout7 = `main.lot'.

[110]
chapter without number
LaTeX Font Info:    Font shape `T1/phv/m/sc' will be
(Font)              scaled to size 10.40245pt on input line 216.
*geometry* verbose mode - [ newgeometry ] result:
* driver: pdftex
* paper: a4paper
* layout: <same size as paper>
* layoutoffset:(h,v)=(0.0pt,0.0pt)
* modes: twoside 
* h-part:(L,W,R)=(56.90549pt, 483.6969pt, 56.90549pt)
* v-part:(T,H,B)=(85.35823pt, 702.78313pt, 56.90549pt)
* \paperwidth=597.50787pt
* \paperheight=845.04684pt
* \textwidth=483.6969pt
* \textheight=702.78313pt
* \oddsidemargin=-15.3645pt
* \evensidemargin=-15.3645pt
* \topmargin=-43.81725pt
* \headheight=28.45274pt
* \headsep=28.45274pt
* \topskip=11.0pt
* \footskip=28.45274pt
* \marginparwidth=0.0pt
* \marginparsep=0.0pt
* \columnsep=14.22636pt
* \skip\footins=10.0pt plus 4.0pt minus 2.0pt
* \hoffset=0.0pt
* \voffset=0.0pt
* \mag=1000
* \@twocolumnfalse
* \@twosidetrue
* \@mparswitchtrue
* \@reversemarginfalse
* (1in=72.27pt=25.4mm, 1cm=28.453pt)

[111



] [112] [113] [114] [115]

Package biblatex Warning: No driver for 'standard'.
(biblatex)                Using fallback driver on input line 216.

[116] 
enddocument/afterlastpage (AED): lastpage setting LastPage.
(./main.aux
Package cleveref Info: loaded `english' language definitions on input line 14.
)
 ***********
LaTeX2e <2025-11-01>
L3 programming layer <2026-01-19>
 ***********

LaTeX Warning: There were undefined references.

Package logreq Info: Writing requests to 'main.run.xml'.
\openout1 = `main.run.xml'.

 ) 
Here is how much of TeX's memory you used:
 71003 strings out of 469421
 1648243 string characters out of 5467663
 2853529 words of memory out of 5000000
 97060 multiletter control sequences out of 15000+600000
 883179 words of font info for 836 fonts, out of 8000000 for 9000
 38 hyphenation exceptions out of 8191
 140i,20n,135p,11272b,4113s stack positions out of 10000i,1000n,20000p,200000b,200000s
</usr/share/texmf-dist/fonts/type1/public/lm/lmbx10.pfb></usr/share/texmf-dis
t/fonts/type1/public/lm/lmex10.pfb></usr/share/texmf-dist/fonts/type1/public/lm
/lmmi10.pfb></usr/share/texmf-dist/fonts/type1/public/lm/lmmi6.pfb></usr/share/
texmf-dist/fonts/type1/public/lm/lmmi8.pfb></usr/share/texmf-dist/fonts/type1/p
ublic/lm/lmmi9.pfb></usr/share/texmf-dist/fonts/type1/public/lm/lmr10.pfb></usr
/share/texmf-dist/fonts/type1/public/lm/lmr17.pfb></usr/share/texmf-dist/fonts/
type1/public/lm/lmr6.pfb></usr/share/texmf-dist/fonts/type1/public/lm/lmr7.pfb>
</usr/share/texmf-dist/fonts/type1/public/lm/lmr8.pfb></usr/share/texmf-dist/fo
nts/type1/public/lm/lmr9.pfb></usr/share/texmf-dist/fonts/type1/public/lm/lmri1
0.pfb></usr/share/texmf-dist/fonts/type1/public/lm/lmsy10.pfb></usr/share/texmf
-dist/fonts/type1/public/lm/lmsy6.pfb></usr/share/texmf-dist/fonts/type1/public
/lm/lmsy8.pfb></usr/share/texmf-dist/fonts/type1/public/lm/lmsy9.pfb></usr/shar
e/texmf-dist/fonts/type1/public/lm/lmtt10.pfb></usr/share/texmf-dist/fonts/type
1/public/amsfonts/symbols/msam10.pfb></usr/share/texmf-dist/fonts/type1/public/
amsfonts/symbols/msbm10.pfb></usr/share/texmf-dist/fonts/type1/public/newtxtt/n
ewtxbtt.pfb></usr/share/texmf-dist/fonts/type1/public/newtxtt/newtxtt.pfb></usr
/share/texmf-dist/fonts/type1/public/newtxtt/newtxtt.pfb></usr/share/texmf-dist
/fonts/type1/urw/helvetic/uhvb8a.pfb></usr/share/texmf-dist/fonts/type1/urw/hel
vetic/uhvbo8a.pfb></usr/share/texmf-dist/fonts/type1/urw/helvetic/uhvr8a.pfb></
usr/share/texmf-dist/fonts/type1/urw/helvetic/uhvro8a.pfb>
Output written on main.pdf (130 pages, 31355867 bytes).
PDF statistics:
 4439 PDF objects out of 5155 (max. 8388607)
 2961 compressed objects within 30 object streams
 741 named destinations out of 1000 (max. 500000)
 173105 words of extra memory for PDF output out of 184870 (max. 10000000)

